Mdate,DJI,RF,MP,UI,DEI,UPR,UTS,YP,OG,cg,VWRETD,EWRETD
1959/2/1,590.72,0.19,1.9395,-0.5839,0.2835,0.93,1.26,12.6525,-1.4706,1,3.0112,3.5095
1959/3/1,609.12,0.22,1.43,0.0555,-0.294,0.86,1.19,15.3166,0,0.9,1.4828,1.766
1959/4/1,616.99,0.2,2.108,0.2668,0.1341,0.74,1.17,19.0933,0.738,-0.4,3.2851,3.317
1959/5/1,630.8,0.22,1.4954,-0.2243,0.1458,0.65,1.47,19.612,0,1.2,0.7456,0.2116
1959/6/1,631.51,0.25,0.1137,0.263,-0.1432,0.7,1.13,17.1207,0,0.4,2.1793,1.1121
1959/7/1,662.81,0.25,-2.4237,0.1168,0.1451,0.68,1.2,13.2194,0,-0.3,2.9981,3.1721
1959/8/1,660.58,0.19,-3.4464,-0.2324,0.0061,0.66,1.05,7.7928,0,0.6,-1.5151,-1.3235
1959/9/1,635.47,0.31,-0.1211,0.2522,-0.1427,0.5,0.64,6.7607,-1.4815,1,-4.6981,-4.5437
1959/10/1,637.34,0.3,-0.7291,0.1074,0.1436,0.75,0.48,4.8727,0,-0.7,3.0453,2.9072
1959/11/1,646.43,0.26,0.6079,-0.2389,0.0056,0.73,0.38,2.5784,0,0,2.9295,2.027
1959/12/1,671.35,0.34,5.9982,-0.0967,-0.1421,0.59,0.2,8.4522,0,-0.1,1.7128,2.4644
1960/1/1,655.39,0.33,2.5919,-0.4322,-0.0052,0.62,0.37,9.5643,0,0.3,-5.6053,-3.7695
1960/2/1,624.88,0.29,-0.8937,0.4019,-0.1528,0.85,0.53,6.7311,0,0.4,2.3772,1.3188
1960/3/1,614.7,0.35,-0.9021,-0.2192,0.2805,1,0.94,4.399,0,1.4,-1.2679,-1.7807
1960/4/1,619.98,0.19,-0.7956,0.2614,-0.141,0.92,1.05,1.4954,0,1.5,-0.3602,-1.4247
1960/5/1,615.64,0.27,-0.1143,-0.2213,0.1432,0.93,1.06,-0.1143,0,-2,4.1493,2.9798
1960/6/1,644.38,0.24,-1.2652,0.2579,-0.1407,1.11,1.69,-1.4932,0,0,1.5312,2.18
1960/7/1,625.83,0.13,-0.3481,-0.2232,0.1426,1.32,1.6,0.5824,0,0.2,-1.7684,-1.9228
1960/8/1,624.47,0.17,-0.1159,-0.0828,-0.1404,1.28,1.5,3.9129,0,-0.1,3.2863,4.6584
1960/9/1,598.1,0.16,-1.0523,-0.0784,-0.0044,1.21,1.32,2.9817,0,0.5,-6.3179,-6.1812
1960/10/1,582.45,0.22,-0.1172,0.5992,-0.0042,1.22,1.59,3.5935,0,0.5,-0.5893,-2.2451
1960/11/1,601.14,0.13,-1.422,-0.3624,0.2882,1.15,1.56,1.5637,0,-0.3,6.4695,5.3953
1960/12/1,609.54,0.16,-1.9278,-0.0874,-0.275,1.26,1.59,-6.3623,0,-1.2,4.4774,4.1765
1961/1/1,632.2,0.19,0.1217,-0.0828,-0.0047,1.26,1.6,-8.8325,0,0.3,6.8005,7.9658
1961/2/1,650.01,0.14,-0.1217,-0.0783,-0.0044,1.29,1.36,-8.0605,0,0.4,5.9344,6.7323
1961/3/1,670.56,0.2,0.6064,-0.0742,-0.0042,1.28,1.35,-6.552,0,1.2,3.6821,5.167
1961/4/1,684.9,0.17,2.0349,-0.0702,-0.0039,1.23,1.49,-3.7214,0.7435,0,-0.0451,1.0909
1961/5/1,693.03,0.18,1.5283,-0.0665,-0.0037,1.3,1.42,-2.0788,0,0.6,2.8502,3.6037
1961/6/1,691.44,0.2,1.3907,-0.063,-0.0035,1.15,1.55,0.577,0,0.2,-3.0463,-3.9221
1961/7/1,690.66,0.18,1.1441,0.6093,-0.0033,1.17,1.68,2.0692,0,-0.3,1.5156,0.7191
1961/8/1,718.64,0.14,0.9058,-0.6806,0.2871,1.07,1.65,3.0909,0,0.4,3.3316,2.3974
1961/9/1,711.02,0.17,-0.1125,0.4045,-0.4172,1.14,1.7,4.0308,0,0.6,-2.6309,-3.5156
1961/10/1,703.01,0.19,1.9003,-0.2048,0.2754,1.21,1.62,6.0483,0,0.6,1.7933,2.0086
1961/11/1,724.74,0.15,1.5388,-0.0672,-0.1376,1.17,1.46,9.009,0,1,4.6726,5.1765
1961/12/1,728.44,0.19,0.8684,-0.0636,-0.0036,1.04,1.46,11.8053,0,0.7,-0.6395,-0.4588
1962/1/1,705.16,0.24,-0.8688,-0.0602,-0.0034,1,1.36,10.8147,0,0,-3.1242,-1.2163
1962/2/1,711.95,0.2,1.6229,0.2757,-0.0032,1.03,1.31,12.5593,0,0,1.2384,1.3665
1962/3/1,714.18,0.2,0.535,-0.1984,0.1414,1.11,1.21,12.4879,0,0.8,-1.1151,-1.2326
1962/4/1,690.28,0.22,0.213,0.2701,-0.1369,1.18,1.11,10.666,0,0.3,-7.4647,-7.3565
1962/5/1,643.71,0.24,-0.1066,-0.2022,0.1406,1.13,1.19,9.031,0,0.8,-9.6363,-10.4221
1962/6/1,572.64,0.2,-0.2132,-0.0655,-0.1367,1.11,1.18,7.4272,0,-0.5,-9.5709,-9.2556
1962/7/1,581.78,0.27,0.9568,0.2685,-0.0035,1.04,1.09,7.2399,0,0.3,6.2033,6.8563
1962/8/1,602.51,0.23,0.1058,-0.2022,0.1401,1.08,1.16,6.4399,0,0.3,2.32,2.7114
1962/9/1,597.02,0.21,0.6323,0.2635,-0.1362,1.05,1.2,7.1847,0,1.1,-5.8123,-6.3479
1962/10/1,580.65,0.25,0.1051,-0.2054,0.1395,1.06,1.19,5.3895,0,-0.5,-1.5033,-3.2947
1962/11/1,628.82,0.2,0.4188,-0.0694,-0.136,1.04,1.09,4.2695,0,1.3,13.3084,14.2547
1962/12/1,648.38,0.23,0,-0.0657,-0.0037,1.06,0.99,3.401,0,0.6,-0.0633,-1.1914
1963/1/1,672.1,0.25,0.7285,-0.0622,-0.0035,1.08,0.92,4.9984,0,0,6.0812,8.0547
1963/2/1,679.75,0.23,1.135,-0.0589,-0.0033,0.97,1,4.5106,0,-0.4,-1.9663,-1.9021
1963/3/1,674.63,0.23,0.6132,0.2727,-0.0031,0.95,1.04,4.5887,0,0.5,2.3581,1.6244
1963/4/1,707.12,0.25,0.9135,-0.1954,0.1396,0.9,1.07,5.2893,0,0.4,4.4874,4.0935
1963/5/1,720.84,0.24,1.2046,-0.0603,-0.1351,0.92,1.01,6.6005,0,0.1,2.3684,3.3895
1963/6/1,719.14,0.23,0.2992,0.2702,-0.0032,0.85,1,7.1128,0,1,-1.9565,-1.7156
1963/7/1,700.75,0.27,-0.3991,0.1301,0.139,0.82,0.84,5.7569,0,0.5,-1.0926,-0.8168
1963/8/1,714.15,0.25,0.1997,-0.203,0.0069,0.83,0.68,5.8508,0,0.4,4.9785,4.0909
1963/9/1,738.52,0.27,0.992,-0.0683,-0.1347,0.76,0.7,6.2105,0,-0.2,-1.8413,-1.2579
1963/10/1,747.52,0.29,0.6888,0.2605,-0.0036,0.72,0.66,6.7943,-0.7435,-0.1,2.837,1.7934
1963/11/1,743.24,0.27,0.489,-0.2024,0.1377,0.72,0.6,6.8645,0,0.7,-0.894,-1.5664
1963/12/1,759.94,0.29,-0.1955,0.256,-0.1342,0.72,0.61,6.669,0,1.2,1.1104,-0.8874
1964/1/1,777.08,0.3,0.8758,-0.2052,0.137,0.66,0.65,6.8163,0,0.3,1.3989,3.2077
1964/2/1,793.03,0.26,0.6761,-0.0712,-0.134,0.68,0.62,6.3574,0,0.7,2.4279,2.3551
1964/3/1,812.18,0.31,0,-0.0674,-0.0038,0.61,0.68,5.7442,0,0.4,2.2121,2.5936
1964/4/1,820.94,0.29,1.623,-0.0638,-0.0036,0.62,0.76,6.4537,0,0.2,-0.6851,0.3685
1964/5/1,823.12,0.26,0.5666,-0.0604,-0.0034,0.65,0.73,5.8158,0,1.4,0.8006,0.5891
1964/6/1,817.63,0.3,0.2819,0.2658,-0.0032,0.68,0.69,5.7986,0,0.6,1.427,0.5109
1964/7/1,844.24,0.3,0.6552,0.1277,0.1372,0.64,0.73,6.8529,0,0.7,2.3326,3.1611
1964/8/1,835.3,0.28,0.6506,-0.5232,0.0067,0.63,0.69,7.3038,0,0.6,-0.7545,-0.5809
1964/9/1,863.55,0.28,0.3703,0.3936,-0.2727,0.62,0.67,6.682,0,-0.4,3.5849,4.0998
1964/10/1,875.26,0.29,-1.3947,-0.1943,0.2658,0.62,0.62,4.5986,0,0.7,1.1798,1.7874
1964/11/1,880.04,0.29,3.0429,0.2593,-0.1326,0.66,0.51,7.1525,0,-0.9,0.533,0.0738
1964/12/1,866.73,0.31,1.174,-0.1977,0.136,0.63,0.34,8.5219,0,1,-0.2272,-0.95
1965/1/1,889.89,0.28,1.0712,-0.0653,-0.1324,0.61,0.38,8.7173,0,0.7,5.8855,7.4198
1965/2/1,894.41,0.3,0.6199,-0.0619,-0.0035,0.57,0.28,8.6611,0,1.6,2.4928,3.3185
1965/3/1,896.44,0.36,1.3152,0.2614,-0.0033,0.57,0.28,9.9763,0,0.3,0.3015,1.6028
1965/4/1,907.71,0.31,0.4346,0.1246,0.1357,0.6,0.27,8.7878,0,0.7,3.7291,3.8877
1965/5/1,927.5,0.31,0.7775,-0.2009,0.0066,0.6,0.32,8.9986,0,-0.1,-1.2232,-0.7713
1965/6/1,878.06,0.35,0.7718,0.5659,-0.1318,0.64,0.41,9.4885,0,-0.8,-6.8143,-8.2887
1965/7/1,873.43,0.31,0.935,-0.3409,0.2718,0.68,0.36,9.7682,0,1.3,2.936,3.2588
1965/8/1,887.7,0.33,0.4221,-0.0817,-0.2592,0.63,0.41,9.5397,0,0.7,4.4044,4.0115
1965/9/1,922.18,0.31,0.2523,-0.0774,-0.0044,0.62,0.37,9.4217,0,1.7,3.8225,3.0179
1965/10/1,944.78,0.31,1.0034,0.2427,-0.0041,0.58,0.32,11.8198,0,1.4,4.3198,5.8033
1965/11/1,953.31,0.35,0.4151,-0.2064,0.1332,0.5,0.36,9.192,0,0,3.1998,4.8608
1965/12/1,955.19,0.33,1.2351,0.2395,-0.1309,0.4,0.24,9.2531,0,0.2,3.6023,5.3196
1966/1/1,985.93,0.38,0.9773,-0.2081,0.1326,0.45,0.02,9.1592,0,0.6,2.961,5.87
1966/2/1,977.15,0.35,0.6461,0.5495,-0.1307,0.29,0.18,9.1854,0,0.7,0.69,2.884
1966/3/1,926.43,0.38,1.3596,-0.0333,0.2679,0.45,0.28,9.2298,0,0.8,-2.0977,-0.8923
1966/4/1,943.45,0.34,0.1588,0.3968,-0.1211,0.66,0.13,8.954,0,0.1,3.4998,5.0944
1966/5/1,890.7,0.41,0.9469,-0.3633,0.139,0.7,0.14,9.1235,0,-0.9,-6.9835,-8.8708
1966/6/1,888.82,0.38,0.4703,0.2011,-0.2552,0.77,0.31,8.822,0.7435,0.3,-0.6752,-0.6071
1966/7/1,875.87,0.35,0.5459,0.0717,0.1283,0.66,0.22,8.4329,0,0.9,-1.6646,-1.4535
1966/8/1,817.55,0.41,0.0775,0.3734,0.0037,0.61,0.26,8.0883,0,0.2,-8.5738,-10.3683
1966/9/1,791.65,0.4,0.9282,-0.3765,0.1363,0.91,-0.19,8.7641,0,0.9,-2.306,-2.1302
1966/10/1,778.1,0.45,0.6904,0.4863,-0.253,1.09,-0.34,8.4511,0.738,-0.4,1.2883,-2.3267
1966/11/1,806.55,0.4,-0.6904,-0.3813,0.2579,0.97,-0.16,7.3456,0,0.2,4.3104,4.8106
1966/12/1,800.87,0.4,0.2306,-0.1294,-0.2519,1.34,-0.12,6.3411,0,0.2,2.9896,3.3196
1967/1/1,830.56,0.43,0.4706,-0.1225,-0.007,1.39,-0.14,5.8344,0,0.5,11.6894,17.425
1967/2/1,851.12,0.36,-1.1406,-0.1159,-0.0066,1.19,0.07,4.0477,0,-0.4,1.9358,4.6919
1967/3/1,858.11,0.39,-0.5651,0.1939,-0.0062,1.31,0.28,2.1231,0,0.5,5.376,6.6319
1967/4/1,868.66,0.32,0.9386,0.0672,0.1258,1.24,0.75,2.9029,0,1,5.3073,4.7644
1967/5/1,883.74,0.33,-0.8762,0.0628,0.0035,1.11,1.25,1.0798,0,0,-2.2931,-0.6942
1967/6/1,872.66,0.27,-0.0127,0.0587,0.0032,1.13,1.48,0.5968,0,0.6,4.675,8.3792
1967/7/1,888.51,0.31,-0.2278,0.0547,0.003,1.1,0.95,-0.1769,0,-0.4,5.6567,8.0427
1967/8/1,912.46,0.31,1.8977,0.0511,0.0028,1.05,1.01,1.6433,0.7326,0.3,-0.6202,0.4525
1967/9/1,923.45,0.32,-0.1625,0.0476,0.0026,1.1,0.88,0.5526,0,0.8,4.6577,6.7398
1967/10/1,907.54,0.39,0.8112,0.0443,0.0024,1.04,0.92,0.6735,0,-0.9,-1.9952,-1.2635
1967/11/1,865.43,0.36,1.4199,0.0412,0.0022,0.97,1.02,2.7838,0,0.7,0.5796,0.0454
1967/12/1,887.2,0.33,1.0713,0.0383,0.0021,1.23,0.73,3.6245,0,1.3,5.4642,8.1446
1968/1/1,884.77,0.4,-0.1078,0.3292,0.0019,1.31,0.53,3.0461,0,0.6,-2.8992,1.8671
1968/2/1,847.2,0.39,0.3577,-0.0953,0.1292,1.24,0.58,4.5444,0,0.1,-4.775,-5.7954
1968/3/1,834.76,0.38,0.3118,0.0208,-0.117,1.11,0.57,5.4212,0,1.7,0.435,-0.986
1968/4/1,893.37,0.43,0.1446,0.019,0.0009,1.33,0.26,4.6272,0,-0.4,12.3602,14.6069
1968/5/1,905.22,0.45,1.1156,0.0173,0.0008,1.16,0.21,6.6189,0,0.7,4.9671,9.7954
1968/6/1,906.82,0.43,0.3665,0.3043,0.0008,1.35,0.2,6.9981,0,0.9,1.054,1.251
1968/7/1,905.32,0.48,-0.1532,0.1751,0.1259,1.48,0.19,7.0727,0.7273,0.9,-3.6185,-2.9113
1968/8/1,883.72,0.42,0.2785,-0.1219,0.0085,1.4,0.33,5.4535,0,0.3,2.6094,3.3848
1968/9/1,922.8,0.43,0.3781,-0.0068,-0.1159,1.33,0.27,5.9942,0,-0.1,6.6796,7.7431
1968/10/1,955.47,0.44,0.1983,0.2767,-0.0006,1.26,0.23,5.3812,0,0.2,0.3456,0.1971
1968/11/1,964.12,0.42,1.2853,-0.1312,0.1225,1.31,0.25,5.2465,0,0.6,6.3317,6.9058
1968/12/1,968.39,0.43,0.3153,-0.0168,-0.1152,1.2,0.07,4.4906,0,-0.2,-1.8454,1.001
1969/1/1,934.99,0.53,0.6031,-0.0165,-0.0011,1.28,-0.1,5.2015,0,0.8,-0.8217,-0.2498
1969/2/1,931.29,0.46,0.638,0.2635,-0.0011,1.11,0.07,5.4817,0,0.6,-7.34,-8.9404
1969/3/1,916.52,0.46,0.7809,0.4176,0.1203,1.21,0.28,5.9509,3.5591,-0.4,2.131,2.0042
1969/4/1,927.38,0.53,-0.3686,0.0085,0.127,1.37,0.06,5.4378,1.3889,0.4,0.7921,0.1975
1969/5/1,954.86,0.48,-0.3785,-0.1626,-0.1063,1.2,0.28,3.9436,0,0.7,-0.174,0.469
1969/6/1,896.61,0.51,0.972,0.2242,-0.1139,1.13,0.13,4.5491,0,-0.4,-9.2402,-11.7175
1969/7/1,844.02,0.53,0.5267,0.1053,0.1158,1.12,-0.28,5.2291,0,-0.1,-7.808,-9.9116
1969/8/1,825.46,0.5,0.2296,0.0976,0.0048,1.17,-0.29,5.1801,0,0.9,6.5618,5.9714
1969/9/1,826.71,0.62,-0.0225,-0.1788,0.0044,0.89,0.07,4.7795,0,0.1,-0.8494,-1.9396
1969/10/1,832.51,0.6,0.0291,0.2017,-0.1128,1.12,0.1,4.6104,0,0.5,8.378,10.1243
1969/11/1,841.09,0.52,-0.947,0.0862,0.1126,1.11,-0.1,2.3781,0,-0.1,-3.9108,-5.7235
1969/12/1,789.22,0.64,-0.2688,0.0796,0.0038,1,-0.17,1.794,0,-0.1,-2.4996,-6.4416
1970/1/1,782.93,0.6,-1.8691,-0.1909,0.0034,1.07,-0.08,-0.6782,0,0.6,-7.5165,-4.4092
1970/2/1,756.21,0.62,-0.0659,0.1835,-0.1115,1.54,0.11,-1.3821,0,0.4,5.2608,4.0227
1970/3/1,777.62,0.57,-0.1299,0.0709,0.1098,1.56,0.44,-2.2929,0,-0.5,-1.8802,-2.6016
1970/4/1,771.65,0.5,-0.2574,0.3253,0.0029,1.31,0.88,-2.1817,0,0.1,-14.2059,-17.5357
1970/5/1,691.96,0.53,-0.1166,-0.3131,0.1155,1.07,1.07,-1.9198,0,0.7,-9.2761,-10.0684
1970/6/1,699.3,0.58,-0.324,0.1595,-0.2152,1.41,1.16,-3.2158,0,0.3,-6.1535,-7.8602
1970/7/1,712.8,0.52,0.2452,0.0505,0.1064,1.94,1.01,-3.4972,-1.3889,0,6.2027,5.2
1970/8/1,731.97,0.53,-0.1785,-0.4656,0.0019,1.91,1.12,-3.9053,0,0.4,4.882,5.1257
1970/9/1,759.38,0.54,-0.6917,0.2662,-0.2203,2,1.27,-4.5745,0,0.5,9.8535,14.5757
1970/10/1,763.72,0.46,-2.0207,0.055,0.2086,2,1.42,-6.6244,0,-0.6,-4.7196,-7.13
1970/11/1,769.27,0.46,-0.6074,0.0503,0.0022,2.54,1.56,-6.2848,0,-0.7,3.9773,0.0641
1970/12/1,821.51,0.42,2.2704,0.0458,0.0019,2.73,1.52,-3.7456,7.4108,0.9,6.7422,7.5906
1971/1/1,849.04,0.38,0.7665,-0.4596,0.0017,2.5,1.81,-1.11,1.2903,1.4,7.9547,14.0202
1971/2/1,879.69,0.33,-0.1908,0.0074,-0.216,2.28,2.42,-1.2349,0,0.2,3.8094,5.4598
1971/3/1,901.29,0.3,-0.1085,-0.089,0.0956,2.76,2.32,-1.2135,0,0.1,5.4059,5.9529
1971/4/1,932.54,0.28,0.56,-0.0846,-0.005,2.62,1.97,-0.3962,0,0.6,3.7876,2.4384
1971/5/1,925.49,0.29,0.5063,0.168,-0.0048,2.23,2.25,0.2267,0,-0.1,-3.5627,-5.1033
1971/6/1,900.43,0.37,0.4184,0.3089,0.1033,2.23,1.77,0.9692,0,0.8,-0.1178,-1.9324
1971/7/1,887.81,0.4,-0.2907,-0.2963,0.1096,2.03,1.33,0.4332,0,-0.4,-5.8882,-6.2714
1971/8/1,875.41,0.47,-0.5819,-0.093,-0.204,2.18,1.64,0.0298,0,0.6,4.8488,3.7478
1971/9/1,901.22,0.37,1.6121,-0.3332,-0.0052,2.45,1.45,2.3336,0,1,-0.6761,-0.8186
1971/10/1,872.14,0.37,0.7457,0.0228,-0.1112,2.55,1.47,5.0999,0,0.2,-5.6296,-6.3873
1971/11/1,822.11,0.37,0.4235,-0.3162,0.0942,2.57,1.59,6.1308,0,0.5,-1.6214,-3.6949
1971/12/1,869.9,0.37,1.148,0.2816,-0.11,2.45,1.92,5.0084,0,0.6,11.0343,12.0863
1972/1/1,904.65,0.29,2.3668,-0.4066,0.2004,2.28,2.57,6.6088,-1.2903,0,5.138,11.3698
1972/2/1,914.37,0.25,1.0083,0.2859,-0.207,2.15,2.88,7.8079,0,0.2,3.4792,4.3841
1972/3/1,939.23,0.27,0.6945,-0.1575,0.1998,2.17,2.34,8.6109,0,1.6,0.5702,-0.1045
1972/4/1,958.16,0.29,0.9872,-0.0572,-0.1008,2.05,2.48,9.0381,0,0.3,1.1527,0.5645
1972/5/1,948.22,0.3,0.0095,-0.0546,-0.0032,2.1,2.44,8.5413,0,0.5,0.3082,-1.84
1972/6/1,943.43,0.29,0.2632,-0.052,-0.0031,2.09,2.2,8.386,0,0.3,-3.4802,-3.659
1972/7/1,925.92,0.31,-0.0943,0.1892,-0.0029,2.12,2.13,8.5825,0,0.7,-2.4482,-3.0031
1972/8/1,958.34,0.29,1.3634,-0.1517,0.1008,1.98,2.19,10.5278,1.2903,0.5,2.2769,0.7912
1972/9/1,950.58,0.34,0.7716,-0.0531,-0.0992,1.54,1.89,9.6873,0,0.2,-2.4855,-3.6896
1972/10/1,944.1,0.4,1.2772,0.1861,-0.003,1.58,1.74,10.2188,0,1.7,-0.6267,-1.9384
1972/11/1,1001.19,0.37,1.177,-0.1515,0.0998,1.71,1.5,10.9723,0,0.4,5.2184,3.9771
1972/12/1,1020.32,0.37,1.1198,-0.0538,-0.0983,1.57,1.29,10.9441,0,0.4,0.0204,-2.0306
1973/1/1,1026.82,0.44,0.7225,-0.0513,-0.003,1.44,1.05,9.2999,0,1,-4.7427,-4.2445
1973/2/1,974.04,0.41,1.4268,0.4184,-0.0029,1.33,1.04,9.7184,0,0.6,-4.668,-6.4224
1973/3/1,957.35,0.46,0.0428,0.4447,0.2,1.32,0.62,9.0667,0.639,0.1,-1.2765,-2.8551
1973/4/1,944.1,0.52,-0.1377,0.0968,0.1103,1.42,0.41,7.9418,1.8928,-0.4,-7.0059,-8.0141
1973/5/1,922.41,0.51,0.6548,0.1766,-0.0846,1.21,0.49,8.5872,3.6814,0.2,-4.5776,-8.3171
1973/6/1,893.9,0.51,0.1288,0.1639,0.008,1.23,-0.29,8.4527,2.9676,-0.2,-2.6935,-2.8735
1973/7/1,903.61,0.64,0.3698,-0.2985,0.0074,1.11,-0.88,8.9168,0.5831,0.8,9.8953,10.9859
1973/8/1,883.73,0.7,-0.1396,1.454,-0.1887,1.13,-1.27,7.4138,0,-1.2,-3.1647,-4.5188
1973/9/1,909.98,0.68,0.792,-0.7868,0.6726,1.54,-1.2,7.4342,5.6512,1.5,7.7716,7.4302
1973/10/1,967.62,0.65,0.8035,0.5102,-0.6374,1.62,-0.43,6.9606,0,-0.7,-0.6882,0.3757
1973/11/1,878.98,0.56,0.455,0.0067,0.2781,1.69,-1.1,6.2385,4.3017,0.2,-14.6378,-16.7763
1973/12/1,824.08,0.64,-0.2824,0.0873,-0.0849,1.74,-0.71,4.8363,4.6281,-0.8,0.7596,-3.978
1974/1/1,857.24,0.63,-0.6667,0.2947,0.0033,1.49,-0.78,3.4471,19.9757,-0.1,3.7212,14.1978
1974/2/1,831.34,0.58,-0.3041,0.6158,0.0961,1.57,-0.16,1.7162,12.371,-0.6,0.6633,0.8396
1974/3/1,874,0.56,-0.0059,0.4076,0.192,1.41,-0.75,1.6674,0,0.2,-1.3808,1.1263
1974/4/1,847.79,0.75,-0.2931,-0.4544,0.0164,1.36,-0.82,1.512,0,0.3,-5.0176,-5.3149
1974/5/1,830.25,0.75,0.7953,0.7156,-0.3453,1.47,-0.65,1.6525,0,0.3,-4.761,-6.7496
1974/6/1,831.43,0.6,-0.1903,-0.059,0.352,1.73,-0.36,1.3335,0,-0.2,-3.0471,-2.6492
1974/7/1,783,0.7,0.2019,0.0977,-0.1633,1.67,0.26,1.1656,10.6814,0.3,-7.0437,-4.8249
1974/8/1,729.31,0.6,-1.0652,0.4889,0.003,1.73,-0.92,0.24,0.3263,0.7,-8.5635,-7.689
1974/9/1,651.28,0.81,0.0164,0.2982,0.1763,2.14,-0.02,-0.5356,0,-1,-11.6202,-8.6047
1974/10/1,638.63,0.51,-0.3166,0.0776,0.0111,2.58,0.44,-1.6557,0.3252,-0.3,15.3792,10.122
1974/11/1,642.1,0.54,-3.345,-0.051,-0.075,2.92,0.21,-5.4557,2.2473,-1.1,-3.918,-4.5773
1974/12/1,596.5,0.7,-3.6616,0.0228,-0.0798,3.2,0.28,-8.8349,-3.5545,-0.2,-4.6733,-7.8178
1975/1/1,659.09,0.58,-1.3956,-0.3653,-0.0009,3.31,1.24,-9.5638,0,0.8,18.7369,28.3492
1975/2/1,724.89,0.43,-2.3076,0.1822,-0.1674,3.26,1.89,-11.5673,2.5975,0.9,6.9665,6.6204
1975/3/1,765.06,0.41,-1.1064,-0.3566,0.1542,2.75,2.24,-12.6678,0.639,-0.2,7.0002,8.6439
1975/4/1,790.93,0.44,0.1919,-0.1928,-0.1652,2.35,2.62,-12.1828,0.9509,0.1,5.2031,4.031
1975/5/1,836.56,0.44,-0.2925,0.0049,-0.011,2.63,2.83,-13.2706,0.6289,2,5.8418,7.3543
1975/6/1,845.7,0.41,0.6302,0.1173,0.0712,2.76,2.52,-12.4502,8.9881,0.1,5.5439,7.1473
1975/7/1,856.28,0.48,1.0366,0.4053,0.0761,2.49,1.93,-11.6155,-2.3189,0.4,-5.4616,-1.18
1975/8/1,815.52,0.48,0.9799,-0.6839,0.1604,2.19,1.96,-9.5704,2.3189,0.3,-4.1194,-5.4284
1975/9/1,818.28,0.53,1.286,0.0721,-0.3894,2.18,2.01,-8.3008,0,0.3,-4.2953,-3.3814
1975/10/1,831.26,0.56,0.4328,-0.0739,0.143,2.48,2.18,-7.5513,0.8559,0,4.7671,1.0784
1975/11/1,845.51,0.41,0.1372,0.1092,-0.0051,2.51,2.57,-4.0691,1.13,0.8,2.9082,1.3978
1975/12/1,840.8,0.48,1.3468,-0.3293,0.0736,2.56,2.56,0.9393,0.5602,1,-1.2831,-0.3718
1976/1/1,929.34,0.47,1.3184,-0.3541,-0.1563,2.67,2.87,3.6534,0.2789,1,15.4298,18.6639
1976/2/1,971.7,0.34,1.0029,-0.0871,-0.0879,2.45,2.91,6.9639,-8.423,-0.1,3.2439,11.618
1976/3/1,988.55,0.4,0.2015,-0.3303,0.0632,2.39,2.73,8.2717,0.3026,0.5,1.3818,2.2151
1976/4/1,992.51,0.42,0.5138,-0.066,-0.0862,2.38,2.7,8.5936,0.9023,0.7,-1.0829,-0.5773
1976/5/1,988.82,0.37,0.4108,0.2233,0.064,1.96,2.7,9.2969,0.299,-0.7,-1.7804,-1.7567
1976/6/1,985.59,0.43,0.1049,-0.1038,0.1463,2.03,2.45,8.7716,0.8915,1.1,4.3322,3.4535
1976/7/1,993.2,0.47,0.562,-0.0325,-0.0741,1.99,2.6,8.2971,2.6279,0.3,-1.0908,-0.2998
1976/8/1,981.63,0.42,0.6807,-0.0326,-0.0027,1.87,2.63,7.9979,0,0.2,-1.808,-2.0502
1976/9/1,994.37,0.44,0.3256,-0.206,-0.0027,1.81,2.51,7.0376,0,0.4,2.2141,1.4312
1976/10/1,951.95,0.41,-0.0249,0.0436,-0.078,1.88,2.49,6.5798,3.9553,0.2,-2.2967,-2.1847
1976/11/1,944.58,0.4,1.5264,-0.3709,0.0676,1.94,2.54,7.969,0,0.6,1.1592,2.1329
1976/12/1,976.86,0.4,1.0675,-0.0475,-0.1517,2.25,2.52,7.6898,0,1.3,6.9402,9.8804
1977/1/1,970.62,0.36,-0.6921,0.0598,0.0626,1.87,2.59,5.6793,-0.8345,-0.3,-3.3233,4.1804
1977/2/1,941.77,0.35,1.5734,0.4983,0.0678,1.73,2.72,6.2497,4.3723,0.6,-1.2339,0.7114
1977/3/1,946.11,0.38,1.2493,-0.0669,0.2193,1.66,2.86,7.2976,-1.6173,0.1,-0.6163,0.8255
1977/4/1,929.1,0.38,0.9716,0.2299,-0.1346,1.7,2.83,7.7554,0.542,0.1,0.9522,1.701
1977/5/1,926.31,0.37,0.7794,-0.1823,0.0742,1.55,2.5,8.124,0,0.3,-1.0933,-0.2724
1977/6/1,916.56,0.4,0.7655,0.1181,-0.138,1.63,2.26,8.7845,0.2699,0,5.4363,5.3616
1977/7/1,908.2,0.42,0.1358,-0.1183,0.0682,1.54,2.14,8.3583,-0.5405,0.8,-1.2106,0.9986
1977/8/1,872.26,0.44,0.0923,-0.2138,-0.0701,1.42,1.91,7.7699,1.0782,-0.1,-0.7204,-0.7096
1977/9/1,853.36,0.43,0.4032,-0.1405,-0.0744,1.46,1.53,7.8475,0.8011,0.3,0.2118,1.4447
1977/10/1,823.96,0.49,0.1538,-0.1336,-0.008,1.37,1.36,8.0262,1.0582,0.8,-3.828,-2.3163
1977/11/1,828.51,0.5,0.1895,0.0347,-0.0076,1.37,1.48,6.6892,1.5666,0.6,5.799,6.8624
1977/12/1,818.8,0.49,0.169,-0.1915,0.0629,1.3,1.62,5.7907,1.7972,0.2,0.9157,2.0167
1978/1/1,781.09,0.49,-1.4679,0.2003,-0.0723,1.21,1.52,5.0149,0.2541,-1.1,-4.9753,-0.9588
1978/2/1,763.57,0.46,0.5401,0.064,0.1322,1.17,1.58,3.9816,0.2535,1.5,-0.3355,2.3824
1978/3/1,756.37,0.53,1.9104,0.2157,0.0021,1.18,1.75,4.6427,1.2579,1,5.299,7.3294
1978/4/1,794.66,0.54,1.966,0.1392,0.0703,1.17,1.86,5.6371,0.2497,0.6,8.9796,7.8686
1978/5/1,838.56,0.51,0.4875,0.2829,0.0054,1.14,1.94,5.3452,0.4975,0.4,4.2171,8.0212
1978/6/1,840.26,0.54,0.6436,0.3556,0.0721,1.14,1.73,5.2233,1.2331,0.3,-0.3776,0.8918
1978/7/1,831.71,0.56,-0.0753,-0.0345,0.0745,0.96,1.63,5.0122,0.9756,-0.5,6.8039,5.3839
1978/8/1,887.93,0.56,0.4001,-0.2215,-0.1213,1.07,1.33,5.32,0.2424,0.9,5.2304,9.1929
1978/9/1,878.64,0.62,0.2442,0.2066,-0.1289,1,0.58,5.1609,0.9639,-0.2,-1.4747,0.549
1978/10/1,857.69,0.68,0.7638,0.2252,0.1248,0.95,0.65,5.7709,0.4785,0.2,-14.4088,-18.5935
1978/11/1,804.29,0.7,0.7659,-0.2938,0.0669,1.02,0.17,6.3473,0.9501,0.4,3.9184,4.7059
1978/12/1,807.94,0.78,0.5039,-0.1084,-0.1873,0.93,-0.07,6.6823,0.7067,0.6,2.0024,1.3647
1979/1/1,837.39,0.77,-0.5439,0.3364,-0.0066,1.03,-0.25,7.6063,1.1669,-0.4,5.8527,9.9043
1979/2/1,825.17,0.73,0.4898,0.4339,0.1847,0.98,-0.22,7.556,1.8391,0.5,-3.8467,-2.0816
1979/3/1,847.84,0.81,0.3089,0.1464,0.1309,1.14,-0.36,5.9545,0.681,0.1,7.7686,8.0761
1979/4/1,864.96,0.8,-1.1875,0.3293,-0.0512,1.15,-0.28,2.8011,0.6764,-0.6,0.9088,2.7137
1979/5/1,837.41,0.82,0.8789,0.3883,0.0681,1.22,-0.36,3.1925,2.8795,0.3,-1.1049,-0.4445
1979/6/1,838.65,0.81,0.016,0.1646,0.0696,1.47,-0.15,2.5649,5.9339,0.3,5.2361,5.1947
1979/7/1,836.95,0.77,-0.1616,0.2016,-0.0492,1.34,-0.29,2.4787,3.835,-0.1,2.2082,2.2645
1979/8/1,873.55,0.77,-0.6541,0.0477,0.0066,1.32,-0.49,1.4245,4.0743,1.1,7.7567,7.979
1979/9/1,878.5,0.83,-0.0068,0.2259,-0.0531,1.21,-0.93,1.1735,9.0806,0.2,-0.3429,-0.3629
1979/10/1,840.52,0.87,0.6892,-0.1111,0.0599,1.1,-1.4,1.0989,3.2454,-0.3,-8.6345,-9.87
1979/11/1,815.78,0.99,-0.1614,0.1253,-0.111,1.34,-1.14,0.1715,3.1434,0.3,7.3661,7.1504
1979/12/1,836.14,0.95,0.0683,0.1927,0.0546,1.67,-1.65,-0.264,4.4593,-0.3,5.3606,7.5782
1980/1/1,860.74,0.8,0.53,0.5113,0.0569,1.62,-1.2,0.8099,8.6492,0.8,7.0071,11.5549
1980/2/1,878.22,0.89,0.0371,0.3208,0.1705,1.16,-0.45,0.3572,0.2853,-0.8,-2.9476,-1.6467
1980/3/1,803.56,1.21,-0.4202,0.4161,0.0102,1.7,-2.45,-0.3719,1.5548,-0.8,-11.7461,-16.6047
1980/4/1,786.33,1.26,-2.0021,-0.0389,0.0629,2.72,-1.73,-1.1866,2.082,-1.3,4.2616,5.0159
1980/5/1,828.19,0.81,-2.4815,-0.0229,-0.1506,2.99,1.6,-4.5469,1.0929,-0.5,6.972,7.3029
1980/6/1,869.86,0.61,-1.2985,0.1407,-0.0521,2.93,2.71,-5.8615,1.7509,0.5,4.1124,4.1488
1980/7/1,909.6,0.53,-0.7143,-1.0036,0.0501,2.4,2.19,-6.4142,0.3997,0.9,10.5257,9.9967
1980/8/1,947.33,0.64,0.3189,0.1889,-0.4696,2.05,1.97,-5.4411,2.7543,0.1,2.9994,7.0616
1980/9/1,946.67,0.75,1.6558,0.0184,0.2844,2.19,1.24,-3.7785,0.7732,0,3.4441,5.102
1980/10/1,949.17,0.95,1.2624,0.0851,0.0443,2.48,0.13,-3.2053,1.4022,1.2,1.3327,3.608
1980/11/1,971.08,0.96,1.653,-0.0875,0.0469,1.96,-1.05,-1.3909,3.6051,-0.3,8.0163,6.8169
1980/12/1,945.96,1.31,0.6579,0.0741,-0.0523,2.3,-2.65,-0.8014,5.2331,0.7,-1.7222,-3.802
1981/1/1,962.13,1.04,-0.6345,-0.095,0.0456,2.46,-2.45,-1.9659,10.756,0,-2.4963,0.4631
1981/2/1,945.5,1.07,-0.4114,0.1782,-0.0519,2.18,-1.6,-2.4144,17.8673,-0.3,1.5302,0.3067
1981/3/1,987.18,1.21,0.5052,-0.2645,0.0938,2.22,-0.24,-1.489,0,0.3,7.7443,8.0863
1981/4/1,1004.86,1.08,-0.4216,-0.1224,-0.1466,1.88,-0.01,0.0914,0,-0.4,0.9645,2.6588
1981/5/1,979.52,1.15,0.5679,-0.0072,-0.0083,1.85,-2.2,3.1408,-0.3487,0,2.4771,2.8553
1981/6/1,996.27,1.35,0.52,0.0569,0.0402,2.33,-1.26,4.9593,-2.8346,0.7,-2.5782,-1.0192
1981/7/1,947.94,1.24,0.6489,0.2249,0.0428,1.89,-0.67,6.3225,-2.1799,-0.2,-1.9998,-2.022
1981/8/1,926.25,1.28,-0.1263,-0.2039,0.0923,1.4,-0.57,5.8772,-0.1838,0.6,-6.3561,-7.6555
1981/9/1,853.38,1.24,-0.4807,0.1437,-0.1386,1.6,0.62,3.7407,0,-0.7,-5.229,-8.3157
1981/10/1,853.25,1.21,-0.7755,-0.6995,0.0872,1.96,1.61,1.7029,-1.1101,-0.5,6.5443,7.2863
1981/11/1,860.44,1.07,-1.1682,-0.2684,-0.3247,3,2.53,-1.1183,-0.2795,-0.2,2.8296,1.7806
1981/12/1,878.28,0.87,-1.0902,-0.2951,0.0257,2.83,2.87,-2.8665,0.0932,0.6,-2.1022,-1.8747
1982/1/1,853.41,0.8,-2.0709,-0.2797,-0.0165,2.51,2.31,-4.3029,0,-0.2,-2.3824,-1.3461
1982/2/1,833.15,0.92,2.0213,-0.265,-0.0156,2.75,0.95,-1.8702,-2.1668,0.9,-4.629,-3.8741
1982/3/1,812.33,0.98,-0.6776,-0.6736,-0.0148,2.96,1.18,-3.053,-3.2917,-0.1,-1.0476,-0.8547
1982/4/1,844.96,1.13,-0.9273,0.0518,-0.1973,2.91,1.17,-3.5586,-3.7097,0.1,5.3108,5.8502
1982/5/1,846.72,1.06,-0.6644,0.3702,0.2031,3.02,1.53,-4.7908,0,0.3,-4.3947,-2.8302
1982/6/1,804.37,0.96,-0.258,0.4531,0.2181,2.62,1.83,-5.5689,0,-0.5,-2.1084,-2.5829
1982/7/1,818.41,1.05,-0.3384,-0.4166,0.139,2.85,2.6,-6.5562,0.1021,0.6,-1.6288,-0.7676
1982/8/1,832.11,0.76,-0.9122,-0.4262,-0.2996,3.26,4.38,-7.3421,0,0.1,12.6247,6.95
1982/9/1,917.27,0.51,-0.2596,-0.2862,-0.1405,3.29,4.42,-7.121,-0.1021,0.9,1.9239,3.6404
1982/10/1,988.72,0.59,-0.9591,-0.169,-0.0157,3.82,3.2,-7.3047,2.4219,0.4,14.0265,13.5308
1982/11/1,1027.76,0.63,-0.3166,-0.7081,0.0293,3.75,2.48,-6.4531,-0.2996,0.8,6.828,9.8961
1982/12/1,1033.08,0.67,-0.7154,-0.6813,-0.232,3.6,2.6,-6.0782,-1.8164,0.4,0.9129,2.3086
1983/1/1,1064.29,0.69,1.836,0.0474,-0.115,3.48,2.6,-2.1713,-0.1019,0.1,4.7612,11.7484
1983/2/1,1087.43,0.62,-0.6123,-0.2904,0.2353,3.23,2.61,-4.8049,-3.7388,0,3.7676,5.9143
1983/3/1,1129.58,0.63,0.8274,-0.3379,-0.0547,3.1,2.16,-3.2999,-2.1391,1.1,3.9612,4.9408
1983/4/1,1168.43,0.71,1.2581,0.4317,-0.0572,2.89,2.19,-1.1145,0,0.6,6.6527,7.8522
1983/5/1,1212.86,0.69,0.6146,0.0321,0.2938,2.71,2.19,0.1645,-0.1082,0.6,2.8433,8.6441
1983/6/1,1221.47,0.67,0.6062,-0.2344,-0.0382,2.52,2.06,1.0287,0,1,3.3867,5.1878
1983/7/1,1213.93,0.74,1.4785,-0.0069,-0.1282,2.01,2.3,2.8456,-0.3252,0.7,-3.3441,-2.3184
1983/8/1,1189.21,0.76,1.1786,-0.1457,0.0374,1.79,2.51,4.9364,0,0.3,-1.0496,-2.9947
1983/9/1,1237.04,0.76,1.4385,0.0985,-0.0463,1.9,2.65,6.6345,0,0.3,2.0986,0.5141
1983/10/1,1252.2,0.76,0.773,-0.1823,0.0805,1.92,2.91,8.3666,0,0.8,-4.0084,-5.8484
1983/11/1,1250.01,0.7,0.4472,-0.1962,-0.0858,1.92,2.93,9.1305,0,0.2,4.4971,3.7229
1983/12/1,1257.64,0.73,0.4936,-0.2468,-0.0484,1.92,2.83,10.3394,-0.1086,1.1,-1.2063,-1.8222
1984/1/1,1258.89,0.76,1.9659,0.2959,-0.051,1.98,2.77,10.4693,0.1086,0.6,-2.5433,0.1463
1984/2/1,1164.46,0.71,0.4514,-0.0078,0.2027,1.75,2.75,11.5329,0,-1.3,-5.2037,-5.2457
1984/3/1,1161.97,0.73,0.4762,-0.2636,-0.0386,1.67,2.8,11.1818,0,0.8,1.8033,1.0714
1984/4/1,1152.71,0.81,0.5972,0.1533,-0.1259,1.68,2.94,10.5209,-0.2174,0.7,-0.3876,-1.8551
1984/5/1,1143.42,0.78,0.532,-0.1611,0.1188,1.33,3.58,10.4383,0,0.6,-5.3596,-4.6563
1984/6/1,1121.14,0.75,0.3636,-0.0791,-0.0828,1.49,3.69,10.1957,-0.1089,0.7,3.1741,1.8057
1984/7/1,1113.27,0.82,0.278,0.0207,-0.0045,1.79,3.24,8.9952,-0.109,-0.4,-2.7478,-4.2618
1984/8/1,1212.82,0.83,0.1197,-0.0181,0.0374,1.91,2.25,7.9363,-0.2183,0.4,11.6494,8.9016
1984/9/1,1213.51,0.86,-0.2834,0.0771,-0.0014,1.83,2.15,6.2144,-0.1093,0.7,-1.2488,0.0443
1984/10/1,1199.3,1,-0.0408,-0.1548,0.0399,1.78,2.42,5.4005,-0.1095,-0.3,0.0282,-1.8086
1984/11/1,1211.3,0.73,0.3336,-0.359,-0.0811,1.91,2.96,5.2869,-2.103,1.4,-1.4782,-3.2845
1984/12/1,1188.96,0.64,0.0488,-0.2313,-0.1277,1.9,3.44,4.8421,-0.8989,0.2,2.0247,0.5918
1985/1/1,1238.16,0.65,-0.0524,-0.029,-0.0126,1.88,3.62,2.8238,-2.8622,0.9,9.9567,11.4145
1985/2/1,1283.23,0.58,0.2932,0.1837,0.0704,1.72,3.25,2.6656,-2.5884,0.4,1.7778,4.3594
1985/3/1,1268.83,0.62,0.1465,-0.03,0.1175,1.83,3.34,2.3359,0,-0.1,-0.4598,-0.2269
1985/4/1,1266.36,0.72,-0.2204,0.1002,-0.038,2.08,3.48,1.5182,0.3569,0.3,-1.5271,-1.6537
1985/5/1,1279.4,0.66,0.1699,-0.0357,0.0405,2.3,3.37,1.1561,0.5921,1.1,5.6333,2.4878
1985/6/1,1314,0.55,-0.0523,-0.0921,-0.038,2.24,3.21,0.7402,-0.1181,-0.5,1.9282,0.618
1985/7/1,1343.17,0.62,-0.503,-0.1449,-0.0407,2.12,3.23,-0.0408,-0.2367,0.7,1.6635,2.3469
1985/8/1,1326.18,0.55,0.3221,-0.102,-0.0433,2.17,3.2,0.1616,-0.8328,1,-0.8737,-0.1349
1985/9/1,1317.95,0.6,0.3703,-0.0043,-0.0056,2.11,3.27,0.8153,0.2387,1.4,-4.5443,-5.3535
1985/10/1,1351.58,0.65,-0.3507,0.0522,0.0348,2.12,3.08,0.5055,0.4756,-1.6,2.8888,1.2516
1985/11/1,1432.88,0.61,0.3463,-0.0785,0.0376,2.21,2.54,0.5182,0.4734,0.3,7.362,5.3071
1985/12/1,1517.02,0.65,0.9858,-0.0398,-0.0395,2.32,2.16,1.4552,0.4711,1.1,4.439,3.3055
1986/1/1,1534.86,0.56,0.5225,-0.0382,-0.0023,2.25,2.12,2.0302,-0.9445,0.1,1.9018,4.7865
1986/2/1,1652.73,0.53,-0.6887,-0.5841,-0.0022,2.41,1.64,1.0483,-23.4177,-0.2,7.8529,5.9967
1986/3/1,1757.35,0.6,-0.7093,-0.5288,-0.2397,2.72,1.22,0.1924,-32.4846,0.3,5.9718,5.7233
1986/4/1,1807.05,0.52,0.1133,-0.1555,-0.0988,2.89,1.24,0.5262,-16.1787,0.6,-0.2061,0.9637
1986/5/1,1801.8,0.49,0.1908,0.2087,0.0956,2.58,1.56,0.5471,-2.4693,0.6,4.5133,3.5888
1986/6/1,1867.7,0.52,-0.3894,0.2965,0.1858,2.54,1.59,0.21,2.4693,-0.2,0.8386,1.0622
1986/7/1,1809.92,0.52,0.62,-0.3731,0.1201,2.86,1.47,1.333,-9.7263,0.7,-7.2855,-7.6033
1986/8/1,1843.45,0.46,-0.1713,0.038,-0.2286,3.01,1.64,0.8397,-3.279,0.5,5.9865,2.0249
1986/9/1,1813.47,0.45,0.274,0.2389,0.0714,2.75,2.24,0.7434,16.5985,2.2,-7.1588,-5.6996
1986/10/1,1817.04,0.46,0.425,-0.2416,0.1164,2.81,2.25,1.5191,-0.9456,-1.5,5.1182,2.6578
1986/11/1,1883.65,0.39,0.3912,-0.0906,-0.1511,2.82,1.9,1.564,-0.4762,-0.3,1.3516,-1.0247
1986/12/1,1924.08,0.49,0.9501,-0.0858,-0.0049,2.86,1.58,1.5283,0.2384,2.2,-3.2076,-3.4259
1987/1/1,2065.13,0.42,-0.3863,0.4598,-0.0046,2.64,1.65,0.6195,18.2322,-2.5,13.8037,11.4778
1987/2/1,2202.34,0.43,1.3239,-0.043,0.2304,2.4,1.66,2.6321,3.8915,1.9,6.3255,7.8188
1987/3/1,2292.61,0.47,0.1344,0.1504,-0.1055,2.36,1.66,3.4758,-0.191,0.1,2.5647,3.4771
1987/4/1,2302.64,0.44,0.6516,0.1955,0.0417,2.02,2.38,4.0141,1.7062,0.5,-1.7284,-2.012
1987/5/1,2291.11,0.38,0.623,-0.0277,0.0438,1.9,2.95,4.4464,2.7805,0.1,0.7941,0.1541
1987/6/1,2384.02,0.48,0.5335,0.0404,-0.0694,2.12,2.73,5.3692,3.0605,0.4,3.741,2.6196
1987/7/1,2481.72,0.46,0.6752,-0.0505,0.0019,2.16,2.76,5.4244,5.8537,0.5,5.469,4.1394
1987/8/1,2655.01,0.47,0.7463,0.2478,-0.0364,2.04,2.72,6.3419,2.1506,0.8,3.5788,1.8392
1987/9/1,2570.8,0.45,0.3919,0.1321,0.113,1.89,3.02,6.4598,-5.5523,-0.5,-1.3492,-1.401
1987/10/1,2224.59,0.6,1.3355,-0.1369,0.0063,2.1,3.39,7.3703,-1.5693,-0.1,-26.0543,-28.6978
1987/11/1,1931.86,0.35,0.4926,-0.2038,-0.1069,2.37,3.17,7.4717,-0.5286,0.1,-6.1849,-5.1173
1987/12/1,1910.07,0.39,0.5469,-0.2135,-0.0769,2.3,3.22,7.0684,-4.5175,0.8,9.1759,4.2122
1988/1/1,1947.35,0.29,-0.0259,0.0905,-0.0445,2.4,2.86,7.4289,-7.6813,0.9,2.5922,6.7488
1988/2/1,1980.65,0.46,0.5015,-0.0136,0.1035,2.41,2.55,6.6064,-0.8016,0.1,6.7831,6.8706
1988/3/1,2044.31,0.44,0.2192,0.1584,-0.0009,2.2,2.67,6.6912,-5.1611,0.9,-0.0735,3.7814
1988/4/1,2036.13,0.46,0.5955,0.1683,0.0737,2.18,2.81,6.6351,3.9465,-0.4,0.9906,2.5135
1988/5/1,1988.91,0.51,-0.2026,-0.0454,0.0411,1.95,2.83,5.8094,4.7723,0.6,-0.3576,-1.4941
1988/6/1,2104.94,0.49,0.2901,0.106,-0.0678,2.08,2.46,5.5661,-1.763,0.3,6.0792,4.8561
1988/7/1,2104.22,0.51,0.0155,0.0666,0.0376,2.05,2.33,4.9065,-10.1853,0.2,-1.4647,0.0943
1988/8/1,2051.29,0.59,0.4992,0.0617,0.0031,1.95,2.2,4.6593,-1.5436,0.5,-3.0543,-2.9141
1988/9/1,2080.06,0.62,-0.3236,0.3078,0.0028,1.92,1.74,3.9439,-5.4808,-0.3,3.7584,1.7898
1988/10/1,2144.31,0.61,0.4401,-0.1402,0.1114,1.61,1.45,3.0485,-8.063,0.8,1.1496,-1.078
1988/11/1,2099.04,0.57,0.2533,-0.2552,-0.1352,1.52,1.2,2.8092,-0.2548,0.3,-2.2751,-4.0388
1988/12/1,2148.58,0.63,0.4531,-0.0636,-0.1087,1.54,1.04,2.7154,12.2308,0.5,3.0202,2.4776
1989/1/1,2234.68,0.55,0.2942,0.2389,0.0281,1.56,0.82,3.0354,11.502,0.2,6.3849,6.0469
1989/2/1,2304.3,0.61,-0.4451,0.0158,0.1385,1.44,0.64,2.0888,1.2,-0.2,-0.7255,0.8837
1989/3/1,2283.11,0.67,0.2569,0.2088,-0.0311,1.31,0.54,2.1265,6.9125,-0.1,2.2433,2.1616
1989/4/1,2348.91,0.67,-0.0353,0.2138,0.073,1.43,0.53,1.4958,8.8711,0.6,4.8216,3.2378
1989/5/1,2439.55,0.79,-0.5526,0.0875,0.0414,1.6,0.43,1.1458,1.0135,-0.1,3.9771,2.9057
1989/6/1,2494.9,0.71,-0.0023,-0.2103,-0.0273,1.75,0.13,0.8534,-2.0374,0.2,-0.8961,-1.2971
1989/7/1,2554.03,0.7,-0.971,-0.0763,-0.1346,1.85,0.14,-0.1332,2.7074,0.3,7.3108,3.3298
1989/8/1,2691.11,0.74,0.9694,-0.1528,-0.0043,1.77,0.21,0.3371,-11.2995,1,2.462,2.1233
1989/9/1,2693.41,0.65,-0.3334,0.046,-0.0389,1.72,0.44,0.3273,4.9235,-0.2,-0.4318,-0.3449
1989/10/1,2692.01,0.68,-0.127,0.1411,0.0632,1.8,0.37,-0.2398,2.4606,-0.1,-4.3822,-5.7937
1989/11/1,2642.49,0.69,0.3361,-0.1671,0.0679,1.94,0.18,-0.157,0,0,1.2306,-0.7465
1989/12/1,2728.47,0.61,0.5676,-0.1468,-0.1001,1.98,0.21,-0.0424,3.7483,0.8,1.4671,-1.2714
1990/1/1,2679.24,0.57,-0.5237,0.7583,-0.0382,1.73,0.57,-0.8602,7.2554,0.5,-7.2667,-5.3159
1990/2/1,2614.18,0.57,0.9043,-0.1678,0.3703,1.67,0.73,0.4892,1.0828,-0.5,1.9667,2.1857
1990/3/1,2700.13,0.64,0.4756,0.1274,-0.2197,1.62,0.69,0.7079,-8.0043,0.3,3.6902,3.2908
1990/4/1,2708.26,0.69,-0.2251,-0.2984,0.0357,1.51,1.02,0.5181,-13.1628,0.2,-2.7502,-1.9141
1990/5/1,2793.81,0.68,0.295,-0.0571,-0.1641,1.65,1.02,1.3656,3.5485,-0.1,8.9857,4.5076
1990/6/1,2894.82,0.63,0.3394,0.2245,0.0262,1.74,0.75,1.7073,-12.9085,0.3,-0.4541,0.6014
1990/7/1,2934.23,0.68,-0.1665,-0.0608,0.1291,1.73,0.85,2.5118,-3.3974,0.2,-1.5888,-2.5755
1990/8/1,2681.89,0.66,0.3616,0.5335,-0.0624,1.66,1.3,1.904,48.5009,0,-10.6188,-11.7133
1990/9/1,2550.69,0.6,0.0215,0.2189,0.231,1.75,1.53,2.2588,19.0708,0,-7.2149,-8.0773
1990/10/1,2460.54,0.68,-0.6167,0.0071,-0.0196,2.02,1.55,1.7691,25.9825,-0.6,-3.3924,-6.1867
1990/11/1,2518.56,0.57,-1.2556,-0.2823,-0.0872,2.23,1.33,0.1774,-19.2886,-0.1,7.5071,2.7373
1990/12/1,2610.92,0.6,-0.6975,-0.3487,-0.1581,2.35,1.34,-1.0877,-20.4561,-0.4,3.9831,0.4998
1991/1/1,2587.6,0.52,-0.3339,0.3515,-0.1041,2.36,1.87,-0.898,10.2962,-0.9,6.8569,8.3727
1991/2/1,2863.04,0.48,-0.732,-0.3415,0.2453,2.22,1.91,-2.5343,-31.4197,0.6,8.631,13.65
1991/3/1,2920.11,0.44,-0.5646,-0.1534,-0.1883,1.98,2.2,-3.5745,-17.1169,1.2,3.1969,7.7892
1991/4/1,2925.54,0.53,0.2569,-0.1453,-0.0084,1.9,2.39,-3.0925,3.986,-0.3,0.1435,2.2751
1991/5/1,2928.42,0.47,0.9979,0.01,-0.0079,1.79,2.61,-2.3896,4.3447,0.3,4.6255,2.9
1991/6/1,2968.14,0.42,0.8037,-0.0474,0.0565,1.68,2.71,-1.9253,-4.5225,0,-4.1741,-3.6276
1991/7/1,2978.19,0.49,0.2737,-0.1922,-0.0028,1.62,2.69,-1.485,5.3693,0.5,3.8741,3.2282
1991/8/1,3006.09,0.46,0.0143,0.0205,-0.0664,1.75,2.57,-1.8323,1.838,-0.2,2.1451,2.1371
1991/9/1,3010.35,0.46,0.8196,0.1088,0.0567,1.86,2.44,-1.0342,0,0,-1.2659,0.2818
1991/10/1,3019.74,0.42,-0.1047,-0.2448,0.061,1.96,2.54,-0.5222,9.3201,-0.4,1.4314,1.9157
1991/11/1,2986.12,0.39,-0.1326,0.0244,-0.1242,2.03,2.86,0.6008,-3.5307,0.5,-4.2461,-2.5582
1991/12/1,2958.64,0.38,-0.4575,-0.2502,0.0564,2.17,3.02,0.8408,-14.9733,0.2,11.2831,4.3884
1992/1/1,3224.53,0.34,-0.5251,-0.0815,-0.0963,2.1,3.23,0.6496,-7.1459,1.5,1.9765,15.009
1992/2/1,3256.71,0.28,0.7081,0.1119,0.0231,1.89,3.5,2.0897,4.1991,0.1,2.2039,4.8116
1992/3/1,3247.42,0.34,0.8381,0.166,0.0883,1.71,3.5,3.4924,-4.7856,0.2,-2.7224,-0.8843
1992/4/1,3297.38,0.32,0.7652,-0.2575,0.0632,1.73,3.73,4.0006,9.3526,0.1,0.8418,-3.522
1992/5/1,3377.26,0.28,0.3283,-0.1072,-0.1506,1.74,3.76,3.331,5.557,0.5,0.1145,-0.0549
1992/6/1,3337.79,0.32,0.0564,0.1127,-0.0058,1.79,3.6,2.5837,8.2638,0.3,-2.7457,-4.5588
1992/7/1,3329.45,0.31,0.9022,-0.1183,0.0874,2,3.63,3.2121,-3.8039,0.3,3.0653,2.1598
1992/8/1,3307.45,0.26,-0.5579,0.013,-0.0607,2.06,3.46,2.6399,-2.2877,0.2,-2.5957,-3.2173
1992/9/1,3293.38,0.26,0.3201,-0.0153,0.0276,2.2,3.51,2.1404,4.2077,0.7,1.9822,1.3451
1992/10/1,3198.7,0.23,0.6809,0.0554,-0.001,2.25,3.73,2.926,0.4743,0.3,1.5186,1.0657
1992/11/1,3239.81,0.23,0.382,-0.1864,0.0296,2.09,3.74,3.4406,-8.0437,0.2,4.5259,6.5573
1992/12/1,3304.15,0.28,0.151,-0.3073,-0.0906,2.04,3.55,4.049,-8.3753,0.7,2.0445,3.372
1993/1/1,3278.83,0.23,0.3933,0.3521,-0.0969,2.07,3.6,4.9674,-3.403,-0.1,1.0663,5.6031
1993/2/1,3368.52,0.22,0.4828,-0.0226,0.2326,2.13,3.33,4.7421,7.5892,0.2,-0.3141,-1.1594
1993/3/1,3440.74,0.25,-0.0979,0.0311,-0.055,2.17,3.03,3.8062,3.503,-0.3,2.7008,2.2257
1993/4/1,3422.39,0.24,0.2765,-0.0409,0.0014,2.17,3.1,3.3175,-0.6908,0.7,-2.9686,-1.8792
1993/5/1,3480.52,0.22,-0.3723,-0.1513,-0.0289,2.17,3.08,2.6169,0.346,0.3,3.8016,4.7169
1993/6/1,3513.81,0.25,0.2266,-0.0906,-0.061,2.11,2.89,2.7872,-9.0314,0.4,-0.3469,0.5269
1993/7/1,3527.37,0.24,0.2562,-0.2242,-0.0049,2.12,2.77,2.1412,-5.2388,0.5,0.2149,1.2349
1993/8/1,3597.01,0.25,-0.1108,0.1171,-0.0647,1.92,2.66,2.5883,-3.8583,0.1,4.001,3.4741
1993/9/1,3594.18,0.26,0.5104,-0.0639,0.1114,1.98,2.41,2.7786,-3.7979,0.6,-0.1016,1.6149
1993/10/1,3625.81,0.22,0.7438,0.1715,-0.0298,1.98,2.31,2.8416,10.7938,0.2,2.5076,3.7267
1993/11/1,3675.28,0.25,0.4644,-0.26,0.0875,1.94,2.62,2.924,-11.8749,0.3,-0.6598,-1.7086
1993/12/1,3744.7,0.23,0.5779,-0.1841,-0.1445,1.92,2.71,3.3509,-16.7647,0.4,3.2488,1.2855
1994/1/1,3868.36,0.25,0.309,0.1259,-0.036,1.9,2.77,3.2667,1.023,0.3,3.3167,4.2949
1994/2/1,3904.71,0.21,0.0641,0.0825,0.1109,1.79,2.72,2.848,-3.8915,0.8,-1.2404,-0.8316
1994/3/1,3816.98,0.27,0.9957,0.0511,0.0302,1.65,2.98,3.9416,4.652,0,-4.9006,-4.8016
1994/4/1,3662.08,0.27,0.5915,-0.1559,0.0025,1.55,3.29,4.2567,7.537,0.4,-0.0973,-1.2608
1994/5/1,3710.23,0.31,0.465,-0.1379,-0.0859,1.44,3.04,5.0939,13.5578,-0.2,0.6657,-0.2978
1994/6/1,3737.58,0.31,0.6694,0.1659,-0.0332,1.55,2.96,5.5368,7.8626,0.6,-2.6829,-3.1773
1994/7/1,3716.22,0.28,0.1262,-0.0144,0.1118,1.5,2.97,5.4068,6.0513,-0.1,2.3704,1.7612
1994/8/1,3796.07,0.37,0.662,0.1458,-0.0266,1.5,2.76,6.1796,-3.2553,0.7,4.7696,3.732
1994/9/1,3880.91,0.37,0.2963,-0.0483,0.0588,1.52,2.84,5.9655,-11.8933,0.1,-1.6665,0.6833
1994/10/1,3869.35,0.38,0.8096,-0.1957,-0.0538,1.46,2.79,6.0313,2.0493,0.6,0.6455,0.0629
1994/11/1,3786.47,0.37,0.6713,-0.0421,-0.0868,1.36,2.67,6.2381,-0.4065,0.1,-4.1886,-4.2692
1994/12/1,3774.87,0.44,0.9869,-0.1989,0.0231,1.29,2.21,6.6471,-4.1586,0.3,1.8892,-0.6598
1995/1/1,3871.51,0.42,0.1913,0.2626,-0.0615,1.3,2.07,6.5294,2.7227,0,1.4443,2.6141
1995/2/1,3954.46,0.4,-0.1231,0.0949,0.1661,1.38,1.7,6.3421,5.2326,-0.2,3.9716,2.5278
1995/3/1,4062.27,0.46,0.1457,0.0225,0.0047,1.5,1.47,5.4921,-0.7874,0.5,3.3494,1.7471
1995/4/1,4229.62,0.44,-0.1766,0.0457,-0.0243,1.54,1.41,4.7239,8.8821,-0.2,1.7192,1.912
1995/5/1,4387.69,0.54,0.485,-0.0889,0.0022,1.57,0.96,4.7439,1.2579,0.7,2.6333,2.2198
1995/6/1,4507.76,0.47,0.3253,-0.0344,-0.0549,1.73,0.7,4.3998,-4.9415,0.8,3.1665,4.4235
1995/7/1,4677.11,0.45,-0.4181,-0.2294,-0.0019,1.76,0.86,3.8555,-9.8505,-0.3,4.1976,5.1339
1995/8/1,4637.92,0.47,1.3058,0.1197,-0.0871,1.7,1.09,4.4993,1.6427,0.5,0.8822,2.5598
1995/9/1,4741.61,0.43,0.3889,-0.0522,0.106,1.73,0.92,4.5919,4.5779,0.2,2.409,2.4755
1995/10/1,4762.68,0.47,-0.1663,0.1053,-0.0277,1.71,0.76,3.6161,-6.2207,-0.4,-2.2327,-5.1714
1995/11/1,4939.55,0.42,0.2525,-0.3407,0.0551,1.75,0.57,3.1973,1.4389,0.8,4.8451,1.0563
1995/12/1,5132.92,0.49,0.3388,-0.174,-0.1667,1.78,0.57,2.5492,6.3262,0.6,1.4876,0.9196
1996/1/1,5176.38,0.43,-0.5395,0.4852,-0.0094,1.82,0.65,1.8184,7.0269,-0.5,2.6098,3.6555
1996/2/1,5517.09,0.39,1.4358,-0.0491,0.273,1.82,0.98,3.3773,-5.8841,0.8,2.2696,3.9451
1996/3/1,5602.8,0.39,-0.1449,0.2443,-0.1016,1.76,1.31,3.0867,8.8746,0.5,1.9433,2.5747
1996/4/1,5583.8,0.46,0.9948,0.0275,0.0862,1.68,1.56,4.2582,13.4398,0.4,2.6655,5.4496
1996/5/1,5624.84,0.42,0.7582,-0.1175,-0.0478,1.56,1.72,4.5314,-7.8781,0.1,3.2145,7.3186
1996/6/1,5670.97,0.4,0.7436,-0.166,-0.0794,1.49,1.82,4.9497,-5.5617,0.1,-0.8161,-2.5867
1996/7/1,5503.8,0.45,0.0016,0.0189,-0.0575,1.48,1.72,5.3694,3.7419,0.2,-5.6255,-8.7457
1996/8/1,5685.28,0.41,0.5054,-0.0309,0.0494,1.54,1.59,4.569,3.4458,0.3,3.3747,4.1633
1996/9/1,5794.4,0.44,0.6244,0.0972,-0.0017,1.52,1.74,4.8045,8.0539,0.1,4.8249,2.2249
1996/10/1,6001.28,0.42,-0.019,0.0429,0.0534,1.54,1.54,4.9518,6.8993,0.3,0.2865,-2.1814
1996/11/1,6317.04,0.41,0.8903,-0.0863,0.0021,1.59,1.17,5.5896,-4.9832,0.2,5.6906,2.1184
1996/12/1,6440.71,0.46,0.6221,-0.2228,-0.0528,1.59,1.39,5.8729,3.4437,0.4,-0.2967,-1.1927
1997/1/1,6695.41,0.45,0.176,0.1758,-0.0839,1.51,1.55,6.5884,3.4654,0.5,4.5555,6.5773
1997/2/1,6914.28,0.39,1.1697,0.0457,0.1291,1.52,1.41,6.3223,-12.9259,0.2,0.709,0.151
1997/3/1,6886.51,0.43,0.6282,-0.02,0.0023,1.49,1.55,7.0954,-13.5971,0.3,-4.4078,-4.5394
1997/4/1,6639.51,0.43,0.0825,-0.1204,-0.025,1.45,1.73,6.183,-0.3559,0,3.232,-1.7884
1997/5/1,7236.42,0.49,0.5616,-0.2537,-0.054,1.49,1.66,5.9863,7.0537,0.1,7.0596,8.3218
1997/6/1,7610.89,0.37,0.4616,0.0184,-0.0848,1.53,1.56,5.7043,-15.0282,0.5,4.2424,3.8733
1997/7/1,7978.49,0.43,0.8355,-0.0539,0.0721,1.53,1.17,6.5382,5.8123,0.9,6.709,5.0851
1997/8/1,7928.3,0.41,1.0089,0.0111,-0.0029,1.52,1.16,7.0417,0,0.6,-2.7029,3.028
1997/9/1,7854.34,0.44,0.9187,0.0485,0.0242,1.49,1.26,7.336,-2.9577,0,5.0914,7.832
1997/10/1,7885.03,0.42,0.8895,0.0217,0.0262,1.54,1.06,8.2445,7.2364,0.5,-4.7953,-2.2961
1997/11/1,7675.49,0.39,0.7959,-0.2891,0.0011,1.54,0.74,8.1501,-1.5831,0.4,2.0967,-2.6041
1997/12/1,7887.81,0.48,0.427,-0.218,-0.1331,1.51,0.65,7.955,-10.4573,0.6,1.4614,-3.3269
1998/1/1,7797.89,0.43,0.4435,0.1271,-0.0353,1.65,0.5,8.2225,-15.7437,-0.1,-0.552,1.1633
1998/2/1,8318.49,0.39,0.1783,0.0023,0.1245,1.68,0.48,7.2311,-0.4619,0.6,7.3306,6.4329
1998/3/1,8706.54,0.39,0.042,0.0018,0.0001,1.67,0.62,6.6449,-18.7893,0.4,4.7198,4.4451
1998/4/1,9040.05,0.43,0.3455,0.0014,0.0001,1.69,0.69,6.9079,6.2266,0.5,0.862,1.9941
1998/5/1,9075.51,0.4,0.651,0.001,0.0001,1.65,0.65,6.9974,0.5236,0.7,-2.751,-4.0463
1998/6/1,8875.5,0.41,-0.5955,-0.0608,0,1.63,0.52,5.9403,-13.0924,0.7,1.1559,-3.1735
1998/7/1,9095.96,0.4,-0.398,-0.0343,-0.0266,1.69,0.5,4.7067,6.6211,0.1,-4.2845,-5.5571
1998/8/1,8484.91,0.43,2.0386,-0.0327,-0.0018,1.8,0.44,5.7365,-16.6295,0.5,-16.5108,-18.8755
1998/9/1,7882.21,0.46,-0.0922,-0.0311,-0.0017,2.28,0.2,4.7256,16.9076,0.7,5.2865,3.2763
1998/10/1,8171.52,0.32,0.6822,0.0924,-0.0016,2.65,0.57,4.5183,-2.2473,0.3,8.5851,4.0435
1998/11/1,9026.56,0.31,-0.0919,-0.2032,0.0514,2.51,0.42,3.6305,-7.3671,0.3,5.2327,6.1157
1998/12/1,9017.67,0.38,0.4038,-0.1606,-0.1036,2.58,0.26,3.6073,-22.544,0.8,3.2129,1.8082
1999/1/1,9334.93,0.35,0.4124,0.176,-0.0318,2.57,0.38,3.5762,14.5907,-0.1,1.0518,5.0802
1999/2/1,9316.5,0.35,0.5779,-0.0714,0.1253,2.39,0.56,3.9758,-14.2083,0.5,-3.4751,-4.9645
1999/3/1,9774.51,0.43,0.2124,0.1605,-0.0501,2.3,0.79,4.1462,23.9798,0.5,2.6433,-1.7402
1999/4/1,10384.19,0.37,0.2224,0.5038,0.0778,2.3,0.89,4.0231,24.1591,0.6,9.4769,9.1994
1999/5/1,10834.94,0.34,0.6111,-0.4082,0.1874,2.18,1.04,3.9832,10.7246,0.5,-1.7343,3.5218
1999/6/1,10696.18,0.4,-0.0654,-0.1113,-0.2969,2.12,1.33,4.5132,3.3336,0.4,3.0992,3.132
1999/7/1,11058.02,0.38,0.5847,0.1951,-0.006,2.16,1.24,5.496,9.5683,0.2,-4.0057,0.0839
1999/8/1,10935.25,0.39,0.4377,0.0097,0.1247,2.21,1.22,3.8951,6.3141,0.5,-2.8535,-4.3065
1999/9/1,10748.43,0.39,-0.4146,0.27,-0.0224,2.28,1.24,3.5726,13.5496,0.5,-3.8302,-2.0137
1999/10/1,10407.09,0.39,1.2715,-0.1342,0.1051,2.27,1.25,4.1619,-7.2817,0.2,1.4159,-2.2835
1999/11/1,10831.58,0.36,0.5324,-0.1327,-0.1206,2.12,0.96,4.7862,9.0972,0.5,1.0906,4.6971
1999/12/1,11263.67,0.44,0.7964,-0.1399,-0.0523,1.91,1.08,5.1788,6.2475,1.2,4.9776,5.1751
2000/1/1,11316.61,0.41,-0.0757,0.1868,-0.0301,1.67,1.34,4.6907,1.676,-0.2,-3.41,4.301
2000/2/1,10482.75,0.43,0.3443,0.3581,0.1228,1.77,0.97,4.4571,14.5407,0.9,-2.02,9.1027
2000/3/1,10487.94,0.47,0.3901,0.4573,0.1312,2.11,0.57,4.6348,3.9911,0.5,7.6547,2.4145
2000/4/1,10887.35,0.46,0.631,-0.418,0.1126,2.41,0.33,5.0435,-22.1993,0,-0.0994,-5.5861
2000/5/1,10557.8,0.5,0.2897,-0.0478,-0.3119,2.46,0.65,4.722,13.425,0.4,-1.7241,-4.0165
2000/6/1,10578.34,0.4,0.0722,0.3393,0.0196,2.38,0.41,4.8596,12.0571,0.2,0.5567,4.4567
2000/7/1,10648.46,0.48,-0.177,-0.1252,0.1729,2.3,0.09,4.0979,-7.5136,0.1,0.7206,-0.3827
2000/8/1,11013,0.5,-0.2657,-0.2397,-0.1173,2.43,-0.26,3.3945,6.9553,0.5,6.301,5.6002
2000/9/1,10990.49,0.51,0.4222,0.3806,-0.1009,2.55,-0.2,4.2313,8.6825,0.8,-2.6171,-2.7912
2000/10/1,10437.55,0.56,-0.3692,-0.1842,0.2179,2.6,-0.37,2.5906,-4.5152,-0.1,0.6414,-4.3006
2000/11/1,10647.62,0.51,0.022,-0.1578,-0.1414,2.56,-0.45,2.0802,5.9423,0.1,-3.5624,-8.6208
2000/12/1,10631.34,0.5,-0.3402,-0.2206,-0.0522,2.78,-0.53,0.9436,-22.6185,0.5,6.0404,0.9696
2001/1/1,10661.93,0.54,-0.4938,0.5226,-0.0555,2.77,0.01,0.5255,-4.4106,0,2.7165,19.4431
2001/2/1,10760.4,0.38,-0.6613,0.002,0.2894,2.77,0.22,-0.4802,6.7931,0,-3.4639,-2.9753
2001/3/1,10082.13,0.42,-0.2485,-0.0823,-0.0874,2.95,0.47,-1.1188,-9.891,-0.1,-4.8827,-4.1418
2001/4/1,10243.73,0.39,-0.3522,0.1563,-0.0695,2.93,1.27,-2.102,1.8971,-0.1,7.0359,6.702
2001/5/1,11008.83,0.32,-0.5278,0.1383,0.0728,2.68,1.77,-2.9195,4.2056,0.4,2.271,6.5173
2001/6/1,10766.83,0.28,-0.5328,-0.1727,0.0285,2.69,1.79,-3.5244,-0.905,0.1,-1.4945,-0.1284
2001/7/1,10450.91,0.3,-0.6099,-0.5063,-0.1164,2.73,1.73,-3.9573,-5.6089,0.2,-1.0265,-1.9686
2001/8/1,10336.25,0.31,-0.0877,-0.0268,-0.1982,2.88,1.61,-3.7793,-0.2751,0.6,-2.6588,-2.5114
2001/9/1,9216.64,0.28,-0.5422,0.3176,0.1053,3.3,2.09,-4.7437,0.5495,-1.3,-9.8473,-12.0343
2001/10/1,9242.05,0.22,-0.3047,-0.6571,0.188,3.34,2.41,-4.6791,-24.9164,2.6,3.7653,5.409
2001/11/1,9716.98,0.17,-0.5889,-0.1549,-0.3341,3.16,2.78,-5.2901,-10.3605,-0.4,6.4765,5.5418
2001/12/1,9980.71,0.15,-0.0389,-0.4366,0.0553,2.96,3.4,-4.9888,-12.2179,-0.1,3.5337,5.7433
2002/1/1,9932.63,0.14,0.6938,0.2945,-0.1096,2.83,3.39,-3.8012,6.8111,0.2,1.0767,2.3386
2002/2/1,9888.51,0.13,-0.0063,0.2111,0.2518,2.98,3.19,-3.1462,9.6058,0.4,1.2376,-0.6263
2002/3/1,10489.78,0.13,0.7531,0.3019,0.0755,2.83,3.49,-2.1445,19.4706,0,5.7486,8.9318
2002/4/1,10163.15,0.15,0.4748,0.219,0.0797,2.82,3.5,-1.3176,8.4058,0.5,-1.0318,2.1676
2002/5/1,10086.54,0.14,0.428,-0.3496,0.011,2.93,3.43,-0.3617,8.6658,-0.4,-0.3141,-0.9286
2002/6/1,9494.04,0.13,0.8181,-0.0636,-0.2304,3.02,3.23,0.9892,-19.249,0.3,-5.168,-6.0012
2002/7/1,8623.03,0.15,-0.0331,-0.0258,0.0177,3.25,2.97,1.566,7.1296,0.7,-10.3712,-12.241
2002/8/1,8682.69,0.14,-0.1028,0.1759,0.0197,3.32,2.64,1.5509,6.3806,0.1,0.9657,1.2339
2002/9/1,8179.91,0.14,0.0958,-0.0845,0.0937,3.53,2.24,2.1889,6.2562,-0.5,-8.641,-8.4555
2002/10/1,8045.06,0.14,-0.2635,-0.0171,-0.0677,3.79,2.36,2.2301,-1.0376,0.4,3.8273,2.1216
2002/11/1,8640.66,0.12,0.5471,-0.1818,-0.0009,3.57,2.82,3.3661,-12.6294,0.3,5.9027,9.5447
2002/12/1,8522.36,0.11,-0.5561,-0.33,-0.0726,3.42,2.84,2.8489,7.5481,0.7,-3.1261,-3.4186
2003/1/1,8487.2,0.1,0.8222,0.4338,-0.1017,3.3,2.88,2.9774,16.6421,0,-3.6882,-1.248
2003/2/1,7928.79,0.09,0.1246,0.4852,0.2749,3.16,2.73,3.1083,10.0471,-0.3,-2.1739,-3.0241
2003/3/1,7995.15,0.1,-0.2742,0.1662,0.1504,3.14,2.68,2.0809,-0.1051,0.6,0.0308,0.1657
2003/4/1,8318.69,0.1,-0.6278,-0.5955,-0.0546,2.89,2.83,0.9783,-22.2881,0.5,7.6963,9.1088
2003/5/1,8628.34,0.09,-0.0344,-0.1995,-0.3419,2.81,2.5,0.5159,-2.7983,0.3,7.408,12.5576
2003/6/1,9088.31,0.1,0.1322,0.0631,0.0096,2.86,2.41,-0.17,10.6306,0.5,1.7353,4.5296
2003/7/1,9154.58,0.07,0.5149,-0.0438,0.1068,2.64,3.08,0.378,0.1214,0.5,3.2192,5.9865
2003/8/1,9285.27,0.07,-0.213,0.2297,-0.0023,2.56,3.5,0.2678,1.6848,0.9,3.8445,5.1078
2003/9/1,9487.49,0.08,0.6462,0.0588,0.1155,2.52,3.33,0.8182,-11.0945,-0.3,-1.7076,1.7227
2003/10/1,9670.94,0.07,0.1345,-0.3561,-0.0176,2.44,3.37,1.2162,8.5566,0.2,7.3343,8.2431
2003/11/1,9761.42,0.07,0.677,-0.3354,-0.1834,2.36,3.37,1.3461,-1.604,0.6,2.7618,4.989
2003/12/1,10131.07,0.08,0.0507,-0.0933,-0.0799,2.33,3.37,1.9529,3.5434,0.1,5.3582,5.7224
2004/1/1,10529.63,0.07,0.1665,0.4459,0.0565,2.29,3.27,1.2972,8.7311,0.3,0.9043,5.6673
2004/2/1,10599.73,0.06,0.6184,0.2469,0.2503,2.19,3.15,1.791,-1.1062,0.2,2.4159,2.2533
2004/3/1,10319.88,0.09,-0.3912,0.3177,0.0331,2.28,2.89,1.674,7.1881,0.6,-0.1308,0.6261
2004/4/1,10430.11,0.08,0.3871,-0.062,0.0569,2.11,3.41,2.6889,1.8462,-0.1,-1.7455,-2.5414
2004/5/1,10093.11,0.06,0.7387,0.3273,-0.1256,2.03,3.7,3.4621,7.9104,0.5,1.2598,0.6582
2004/6/1,10365.18,0.08,-0.7717,-0.0574,0.118,2.05,3.46,2.5582,-7.1007,-0.5,3.4165,4.299
2004/7/1,10155.24,0.1,0.735,-0.4283,-0.1041,2.12,3.17,2.7783,6.1573,0.9,-4.2922,-5.1384
2004/8/1,10024.29,0.11,0.0854,-0.0139,-0.2034,2.18,2.8,3.0766,12.293,0.4,0.3184,-1.131
2004/9/1,10212.27,0.11,0.1123,0.0648,0.0793,2.14,2.48,2.5427,-0.8418,0.6,2.5135,3.738
2004/10/1,9998.92,0.11,0.886,0.3156,0.0636,2.11,2.34,3.2942,16.7704,0.2,1.4937,0.9959
2004/11/1,10432.62,0.15,0.245,-0.2938,0.1366,2.01,2.12,2.8623,-11.2614,0.2,6.4231,10.009
2004/12/1,10673.11,0.16,0.7775,-0.5181,-0.1952,1.92,2.04,3.5891,-13.9722,0.7,3.43,5.6027
2005/1/1,10544.47,0.16,0.3521,0.2463,-0.1873,1.8,1.89,3.7747,9.5561,-0.2,-1.7865,-2.7639
2005/2/1,10743.42,0.16,0.7196,0.3791,0.2324,1.65,1.63,3.8759,3.5322,0.4,2.9055,2.2835
2005/3/1,10678.19,0.21,-0.1413,0.4237,0.1593,1.56,1.76,4.1258,15.7259,0.2,-1.909,-2.6596
2005/4/1,10278.7,0.21,0.2074,0.2143,0.1006,1.71,1.56,3.9461,-5.311,0.6,-3.6714,-5.9747
2005/5/1,10375.99,0.24,0.0935,-0.5295,-0.0293,1.87,1.3,3.3008,-1.6869,-0.1,4.3853,4.6739
2005/6/1,10483.2,0.23,0.4366,-0.0533,-0.3219,1.86,1.03,4.5091,8.7751,0.9,0.8849,3.3935
2005/7/1,10534.9,0.24,-0.3182,0.3013,0.0556,1.77,0.96,3.4559,9.1237,0.7,4.6014,6.4216
2005/8/1,10547.68,0.3,0.3286,0.1779,0.1721,1.7,0.82,3.6991,6.2333,-0.4,-0.8529,-1.2882
2005/9/1,10533.52,0.29,-1.956,0.8537,0.0284,1.83,0.78,1.6307,-0.4659,-0.4,0.67,0.4443
2005/10/1,10333.65,0.27,1.215,-0.4737,0.3138,1.84,0.75,1.9597,-0.5268,0.3,-2.8808,-4.2055
2005/11/1,10711.53,0.31,1.0936,-1.0712,-0.41,1.85,0.66,2.8084,-10.2496,0.3,4.3253,3.6665
2005/12/1,10832.72,0.32,0.4816,-0.23,-0.4405,1.85,0.58,2.5124,5.564,0.4,0.4382,0.8873
2006/1/1,10865.55,0.35,0.1578,0.7956,0.1394,1.82,0.18,2.3181,5.562,0.5,4.5371,8.2333
2006/2/1,10976.7,0.34,0.0425,-0.2474,0.4853,1.7,0.14,1.641,-7.049,0.2,0.278,0.4
2006/3/1,11149.6,0.37,0.2265,0.328,-0.2248,1.69,0.21,2.0088,4.3366,0.2,2.859,4.5527
2006/4/1,11225.32,0.36,0.2956,0.4722,0.151,1.69,0.39,2.0971,11.1855,0.2,1.6041,2.4859
2006/5/1,11335.06,0.43,0.0251,-0.0179,0.1379,1.64,0.39,2.0287,2.5331,0.2,-3.2018,-4.2063
2006/6/1,11008.07,0.4,0.3362,-0.1813,-0.1343,1.67,0.32,1.9283,-2.4797,0.1,-0.0612,-0.7965
2006/7/1,11032.75,0.4,-0.0653,0.0393,-0.1227,1.67,0.14,2.1811,7.609,0.6,-1.7988,-3.4667
2006/8/1,11255.06,0.42,0.4331,-0.099,0.0394,1.71,-0.08,2.2857,-1.6472,-0.3,2.1073,1.398
2006/9/1,11522.18,0.41,-0.1813,-0.7443,-0.0428,1.71,-0.09,4.0604,-14.314,0.6,1.1437,0.4198
2006/10/1,11957.24,0.41,-0.1025,-0.4948,-0.3015,1.69,-0.19,2.7428,-9.9442,0.4,4.5912,5.4006
2006/11/1,12188.32,0.42,-0.0268,-0.0532,-0.0467,1.6,-0.34,1.6223,-1.0316,0,3.0165,3.1369
2006/12/1,12367.83,0.4,1.0202,0.0975,0.1468,1.66,-0.29,2.161,5.3009,0.6,0.6951,1.4271
2007/1/1,12508.18,0.44,-0.3581,0.1353,0.1182,1.58,-0.22,1.6451,-10.42,0.2,2.9731,2.7347
2007/2/1,12645.16,0.38,0.9597,0.2975,0.0667,1.56,-0.31,2.5623,7.1718,0,-0.3224,0.5506
2007/3/1,12265.35,0.43,0.1772,0.5671,0.1032,1.71,-0.38,2.513,-0.7648,0.1,1.0131,1.0457
2007/4/1,12750.7,0.44,0.6689,0.1356,0.1725,1.7,-0.18,2.8862,7.0996,0.1,4.3465,3.1986
2007/5/1,13412.49,0.41,0.0537,0.1879,-0.0906,1.64,0.02,2.9148,1.2437,0.1,4.391,3.1853
2007/6/1,13489.25,0.4,0.0274,-0.2236,-0.0041,1.6,0.49,2.606,4.3197,0,-1.3353,-0.4394
2007/7/1,13661.05,0.4,-0.1569,-0.273,-0.1696,1.65,0.18,2.5144,12.1908,0.3,-3.0429,-4.6457
2007/8/1,13234.59,0.42,0.1959,-0.3333,-0.0979,1.98,0.47,2.2772,-1.2554,0.4,0.4092,-2.2282
2007/9/1,13540.42,0.32,0.2441,0.2036,-0.0781,2.07,0.63,2.7026,8.0548,0.1,3.952,2.262
2007/10/1,13893.71,0.32,-0.2929,-0.0431,0.1852,1.95,0.63,2.5122,4.0206,0.1,3.3061,1.9618
2007/11/1,13186.74,0.34,0.5613,0.361,-0.0256,2.25,0.88,3.1003,12.3291,0.2,-4.4594,-8.2484
2007/12/1,13419.24,0.27,0.0584,-0.4617,0.1634,2.55,1.1,2.1384,-2.3229,-0.1,-0.6478,-0.9104
2008/1/1,12519.05,0.21,-0.1243,0.3763,-0.2751,2.8,0.99,2.3722,2.6786,0,-5.2439,-4.9849
2008/2/1,12415.47,0.13,-0.3665,-0.0636,0.2341,3.08,1.62,1.046,1.3712,-0.3,-1.9443,-1.3147
2008/3/1,12181.18,0.17,-0.3196,0.5908,-0.0814,3.38,2.25,0.5492,14.701,0.2,-0.9673,-2.4729
2008/4/1,12659.93,0.18,-0.6878,0.0826,0.2497,3.29,2.39,-0.8075,5.458,0.2,4.6543,2.7784
2008/5/1,12797.45,0.18,-0.6191,0.4098,-0.0933,3.05,2.15,-1.4803,10.5838,0.2,2.9447,4.1463
2008/6/1,12041.37,0.17,-0.2608,0.4627,0.1113,2.97,2.24,-1.7684,5.022,-0.2,-8.5894,-9.1229
2008/7/1,11319.14,0.15,-0.455,-0.104,0.0877,3.15,2.38,-2.0665,4.47,-0.5,-0.3847,0.4398
2008/8/1,11546.13,0.13,-1.5921,-0.8406,-0.1871,3.26,2.17,-3.8545,-17.8115,0,2.049,2.1529
2008/9/1,11176.28,0.15,-4.4849,-0.183,-0.3961,3.62,2.56,-8.5835,-9.8269,-0.7,-10.9696,-12.3631
2008/10/1,9131.61,0.08,1.0007,-1.149,0.0892,5.07,3.14,-7.2898,-30.1615,-0.2,-20.949,-23.4767
2008/11/1,8656.21,0.03,-1.3174,-1.6724,-0.3953,5.68,3.34,-9.1686,-35.6807,-0.3,-9.1718,-14.6051
2008/12/1,8590.01,0,-2.8662,-0.3384,-0.4398,6.01,2.39,-12.0931,-36.743,-0.3,3.961,4.13
2009/1/1,8418.32,0,-2.5202,0.8152,0.3204,5.62,2.39,-14.4889,-9.6363,0.5,-7.9922,-5.08
2009/2/1,7715.25,0.01,-0.5995,0.2735,0.6034,5.21,2.57,-14.7219,1.0482,-0.4,-11.2369,-11.8339
2009/3/1,7227.55,0.02,-1.5766,-0.0182,0.0385,5.6,2.61,-15.9789,24.5621,-0.4,8.8447,11.0684
2009/4/1,8017.84,0.01,-0.7879,0.085,-0.0968,5.46,2.77,-16.079,7.7656,-0.1,17.3218,26.1994
2009/5/1,8384.24,0,-0.9918,0.1169,0.0072,4.77,3.11,-16.4518,17.2843,0.1,5.061,10.2573
2009/6/1,8604.23,0.01,-0.3172,0.6624,0.0214,3.78,3.54,-16.5082,18.3379,0,-0.481,1.8602
2009/7/1,8637.55,0.01,1.1866,-0.6029,0.2513,3.53,3.38,-14.8666,-16.3888,0.3,9.782,10.6965
2009/8/1,9377.51,0.01,1.1072,0.1971,-0.4172,2.99,3.42,-12.1673,16.0712,0.9,3.8337,7.5141
2009/9/1,9627.99,0.01,0.8537,-0.1204,0.156,2.91,3.28,-6.8287,-0.1592,-0.9,5.0322,8.4563
2009/10/1,9845.67,0,0.2272,-0.019,-0.0677,2.9,3.32,-7.6021,6.676,0.1,-3.8916,-5.8414
2009/11/1,10219.07,0,0.4078,-0.0564,0.0119,2.92,3.35,-5.8768,6.0245,-0.2,6.2894,3.4116
2009/12/1,10434.67,0.01,0.3424,-0.2908,-0.0126,2.78,3.54,-2.6683,-8.9992,0.6,4.0586,6.5929
2010/1/1,10444.63,0,1.0701,0.3361,-0.1094,2.52,3.67,0.9219,10.761,-0.2,-3.9061,-1.9833
2010/2/1,10209.03,0,0.3524,-0.1948,0.2147,2.65,3.58,1.8739,-6.0625,0.4,5.0706,4.9665
2010/3/1,10682.24,0.01,0.7025,0.3205,-0.1304,2.54,3.58,4.153,8.6482,0.5,7.1357,8.5492
2010/4/1,11043.9,0.01,0.36,-0.0793,0.1636,2.4,3.69,5.301,4.2951,0.2,3.1922,7.682
2010/5/1,10478.03,0.01,1.3622,-0.0816,-0.0938,2.63,3.26,7.655,-12.797,0.2,-7.8686,-8.2498
2010/6/1,10165.96,0.01,0.2199,-0.216,-0.0407,3.03,3.08,8.1921,0.6803,0.2,-6.42,-7.5937
2010/7/1,10181.73,0.01,0.3818,-0.0191,-0.0781,3,2.85,7.3874,0.7718,0.3,7.5322,6.5349
2010/8/1,10348.92,0.01,0.3665,0.0537,0.0441,2.96,2.55,6.6467,1.7624,0.2,-5.1451,-6.4104
2010/9/1,10592.16,0.01,0.2801,-0.0735,0.0474,3.01,2.5,6.073,-2.2441,0.1,10.2704,11.2898
2010/10/1,11039.81,0.01,-0.2696,0.0269,-0.0342,3.18,2.41,5.5762,7.8444,0.3,4.2745,4.7094
2010/11/1,11207.21,0.01,0.0705,-0.0822,0.0267,3.16,2.62,5.2389,5.6836,0.3,1.6224,2.9486
2010/12/1,11468.54,0.01,0.9911,0.0831,-0.0356,2.81,3.15,5.8876,2.8276,0.1,7.1967,8.6931
2011/1/1,11784.04,0.01,-0.2168,0.3327,0.0538,2.7,3.24,4.6007,3.2274,0.1,1.5049,1.6612
2011/2/1,12206.27,0.01,-0.4125,0.2161,0.1334,2.57,3.45,3.8358,-4.2163,0,3.8194,4.4253
2011/3/1,12079.38,0.01,1.0311,0.6762,0.0183,2.62,3.31,4.1643,16.1048,0.3,1.8047,2.0651
2011/4/1,12440.77,0,-0.3318,0.1291,0.2186,2.56,3.4,3.4725,9.1876,-0.1,2.6259,1.0049
2011/5/1,12574.46,0,0.1229,0.0739,-0.1173,2.61,3.13,2.2332,-6.9567,-0.1,-0.9586,-2.1739
2011/6/1,12074.17,0,0.295,-0.4414,-0.0612,2.75,2.96,2.3082,-4.3684,0.2,-1.4667,-2.6
2011/7/1,12513.47,0,0.4736,-0.0031,-0.2426,2.76,2.96,2.4,2.3137,0.2,-3.278,-2.3888
2011/8/1,11294.96,0.01,0.6346,0.1096,0.0741,3.06,2.28,2.6682,-14.7604,-0.1,-6.0802,-9.3355
2011/9/1,11165.02,0,-0.0768,-0.091,0.0769,3.29,1.97,2.3113,9.2265,0.2,-10.4255,-12.401
2011/10/1,11523.75,0,0.6971,-0.3975,-0.0517,3.22,2.13,3.278,-1.3855,0.2,13.6761,13.3292
2011/11/1,11782.61,0,-0.0118,-0.1179,-0.1574,3.13,2,3.1957,13.1928,-0.2,0.2424,-1.3351
2011/12/1,12091.26,0,0.5244,-0.3204,0.0399,3.27,1.97,2.729,-6.52,0,-0.4631,-0.791
2012/1/1,12522.61,0,0.5998,0.4447,-0.0791,3.26,1.94,3.5456,2.8514,0.4,6.6271,9.4216
2012/2/1,12893.91,0,0.3165,0.1604,0.2845,3.17,1.88,4.2745,1.2266,0.6,3.4884,3.7718
2012/3/1,13076.97,0,-0.5219,0.4687,0.009,3.06,2.09,2.7215,3.3631,-0.1,2.1316,1.9643
2012/4/1,13040.73,0,0.7121,-0.1324,0.1461,3.14,1.97,3.7655,-2.52,0.1,-0.9031,-1.3778
2012/5/1,12699.51,0.01,0.2142,-0.3719,-0.1795,3.27,1.71,3.8567,-8.695,0,-6.8565,-7.8876
2012/6/1,12549.48,0,0.0177,-0.2221,-0.1791,3.4,1.53,3.5795,-12.3016,-0.1,3.3392,4.1473
2012/7/1,12822.61,0,0.1994,-0.2153,-0.0232,3.34,1.43,3.3053,2.5359,0.2,-0.389,-1.6076
2012/8/1,13134.9,0.01,-0.4083,0.5207,-0.0179,3.23,1.58,2.2624,9.1411,0,3.2314,2.9765
2012/9/1,13418.5,0.01,-0.0532,0.1101,0.3008,3.12,1.61,2.286,3.9745,0.1,3.1386,3.7916
2012/10/1,13380.65,0.01,0.3177,-0.3386,-0.0354,2.83,1.65,1.9067,-5.0492,0,-0.2327,-0.4169
2012/11/1,12896.44,0.01,0.3861,-0.5727,-0.2019,2.86,1.56,2.3046,-4.496,0.4,1.079,0.8892
2012/12/1,13144.18,0.01,0.2856,-0.1709,-0.1966,2.91,1.65,2.0657,-1.6503,0,2.1165,2.7576
2013/1/1,13615.32,0,-0.0151,0.3255,0.0685,2.82,1.84,1.4509,6.7407,0.4,5.6204,6.2724
2013/2/1,13967.33,0,0.4774,0.6138,0.2321,2.87,1.88,1.6118,1.8349,0,1.1896,0.7343
2013/3/1,14418.26,0,0.4083,-0.1718,0.231,2.89,1.87,2.5421,-1.2441,0.1,4.5992,4.5422
2013/4/1,14675.91,0,-0.1035,-0.3174,-0.2195,2.83,1.7,1.7264,1.788,0,0.3194,-0.5435
2013/5/1,15172.18,0,0.0948,0.1201,-0.1557,2.8,1.89,1.607,0.1084,0.3,2.8343,4.4527
2013/6/1,15035.75,0,0.1854,0.0684,0.1135,2.89,2.25,1.7746,-0.0723,0,-2.0496,-0.7302
2013/7/1,15390.21,0,-0.3265,-0.1592,0.0273,2.74,2.54,1.2487,9.116,0.1,5.5412,6.4871
2013/8/1,15195.35,0,0.5958,0.0062,-0.0845,2.68,2.7,2.2529,0.3624,0.2,-2.2747,-1.5278
2013/9/1,15269.84,0,0.5326,-0.0289,0.0311,2.66,2.79,2.8386,0.2299,0.3,4.4457,5.052
2013/10/1,15289.29,0,-0.1173,-0.4,-0.003,2.69,2.57,2.4035,-6.4014,0.3,4.4414,3.5412
2013/11/1,15870.83,0,0.2544,-0.183,-0.1636,2.66,2.65,2.2719,-9.4576,0.4,2.5404,3.3276
2013/12/1,16095.77,0,0.2152,0.0025,0.0103,2.48,2.83,2.2015,3.8096,0.1,3.2247,3.2906
2014/1/1,16243.72,0,-0.3834,0.308,0.0745,2.33,2.82,1.8332,-3.4259,-0.3,-3.6724,-0.6249
2014/2/1,15958.44,0,0.7544,0.1447,0.161,2.39,2.66,2.1102,8.5478,0.5,4.9202,5.1341
2014/3/1,16308.63,0,0.9842,0.4103,0.0072,2.34,2.67,2.686,-0.7057,0.6,0.311,0.4055
2014/4/1,16399.5,0,0.0823,-0.0285,0.126,2.19,2.68,2.8719,2.6212,0.2,-0.0706,-2.8839
2014/5/1,16567.25,0,0.4037,0.1109,-0.12,2.2,2.53,3.1809,-1.11,0.2,1.6549,-0.0765
2014/6/1,16843.75,0,0.3302,-0.0651,0.0136,2.2,2.56,3.3257,2.037,0.4,3.0549,4.012
2014/7/1,16988.26,0,0.2123,-0.2253,-0.065,2.19,2.51,3.8645,-4.2589,0.2,-3.3218,-4.3488
2014/8/1,16775.15,0,-0.1589,-0.2558,-0.0976,2.27,2.39,3.1098,-4.0763,0.7,4.4414,5.1537
2014/9/1,17098.13,0,0.3011,0.049,-0.0625,2.27,2.51,2.8783,-4.5601,0,-3.3692,-5.3186
2014/10/1,16701.87,0,0.0188,-0.3724,0.0947,2.39,2.28,3.0145,-13.0647,0.6,1.9347,2.1729
2014/11/1,17648.98,0,0.6165,-0.5181,-0.1441,2.46,2.31,3.3765,-6.4037,0.3,2.5449,-0.0114
2014/12/1,17754.24,0,0.0167,-0.4072,-0.1382,2.53,2.18,3.178,-22.5863,0.3,-0.7029,0.529
2015/1/1,17542.26,0,-0.7973,-0.2777,-0.0326,2.57,1.85,2.7641,-34.0982,0.2,-2.75,-3.259
2015/2/1,17945.41,0,-0.6399,0.6058,0.0216,2.53,1.96,1.3698,8.1515,0.2,6.9869,6.0369
2015/3/1,17931.75,0,-0.343,0.3894,0.3764,2.5,2.01,0.0426,-2.1723,0.3,-1.6898,-0.5665
2015/4/1,17970.51,0,-0.5531,-0.083,0.0822,2.54,1.92,-0.5928,11.4728,0.2,0.3988,0.5067
2015/5/1,18124.71,0,-0.4535,0.3747,-0.1523,2.69,2.18,-1.4499,14.5522,0.3,0.6529,-0.3973
2015/6/1,17927.22,0,-0.3068,0.0794,0.1364,2.77,2.35,-2.087,-0.4848,0.1,-2.1637,-1.6735
2015/7/1,17795.02,0,0.6257,-0.2077,-0.0557,2.88,2.29,-1.6736,-13.788,0.4,-0.5945,-4.1843
2015/8/1,17061.59,0,-0.1711,-0.215,-0.1412,3.02,2.1,-1.6858,-21.7234,0.2,-4.9304,-2.599
2015/9/1,16339.95,0,-0.2813,-0.1612,-0.0679,3.17,2.15,-2.2683,1.8885,0.1,-4.9871,-6.4555
2015/10/1,17182.28,0,-0.4748,-0.0362,-0.0141,3.27,2.05,-2.7619,3.2625,0.1,6.6357,5.2831
2015/11/1,17723.77,0,-0.7212,-0.2427,0.0402,3.2,2.14,-4.0996,-8.4098,0.2,0.5941,0.2404
2015/12/1,17542.86,0.01,-0.4935,-0.2975,-0.0762,3.22,2.01,-4.6098,-17.9997,0.3,-2.8163,-4.9745
2016/1/1,16305.25,0.01,0.496,0.2759,-0.0659,3.36,1.83,-3.3165,-21.7,0.2,-5.6069,-7.6784
2016/2/1,16299.9,0.02,-0.5202,-0.0146,0.2076,3.56,1.47,-3.1967,-7.7494,0.7,2.5192,2.5094
2016/3/1,17302.14,0.02,-0.7709,0.3648,-0.0321,3.24,1.6,-3.6247,27.5012,-0.4,7.9027,8.2804
2016/4/1,17844.37,0.01,0.3194,0.2565,0.1518,2.98,1.58,-2.7523,14.0474,0.3,2.85,4.3292
2016/5/1,17692.32,0.01,-0.2263,0.1565,0.0307,2.87,1.54,-2.5251,11.641,0.2,0.8331,-0.7424
2016/6/1,17754.87,0.02,0.4839,0.0982,-0.0175,2.89,1.37,-1.7344,8.2705,0.4,0.651,1.7973
2016/7/1,18341.18,0.02,0.1151,-0.3685,-0.0232,2.72,1.2,-2.2449,-6.345,0.2,4.8888,7.7557
2016/8/1,18495.19,0.02,-0.1038,0.0911,-0.2058,2.68,1.26,-2.1776,-4.4942,0.1,-0.1459,1.2882
2016/9/1,18267.4,0.02,-0.0887,0.138,0.1013,2.68,1.34,-1.9849,2.0602,0.3,-0.0702,1.238
2016/10/1,18184.55,0.02,0.0694,-0.0413,0.0638,2.62,1.43,-1.4407,12.0705,0,-2.6324,-4.4671
2016/11/1,18697.33,0.01,-0.385,-0.2756,-0.0459,2.57,1.69,-1.1046,-9.2228,0.2,5.9906,9.2388
2016/12/1,19712.42,0.03,0.7055,0.0339,-0.1212,2.34,1.98,0.0945,13.5697,0.7,1.0404,1.5749
2017/1/1,19908.15,0.04,-0.2272,0.509,0.0734,2.23,1.92,-0.6288,-0.2165,0.1,2.7743,2.0669
2017/2/1,20424.14,0.04,-0.3855,0.006,0.2359,2.22,1.9,-0.4941,3.4792,0.1,2.8345,0.7694
2017/3/1,20823.06,0.03,0.6214,-0.1261,-0.1008,2.2,1.74,0.8982,-8.9743,0.4,0.342,0.5594
2017/4/1,20684.69,0.05,0.9969,0.1839,-0.095,2.27,1.5,1.5758,6.3584,0,1.1214,0.2049
2017/5/1,20936.81,0.06,0.0863,-0.1185,0.0917,2.25,1.41,1.8884,-7.9744,0.1,0.8514,-1.2973
2017/6/1,21317.8,0.06,0.2085,-0.0271,-0.0862,2.18,1.21,1.613,-4.037,0.3,1.2602,2.3559
2017/7/1,21581.25,0.07,-0.25,-0.1873,0.0006,2.07,1.25,1.248,0.7243,0.3,1.5894,-0.1896
2017/8/1,21914.08,0.09,-0.4548,0.2514,-0.0706,2.1,1.2,0.8969,4.6228,0,-0.1733,-1.6078
2017/9/1,22173.41,0.09,0.1163,0.3271,0.1534,2.1,1.17,1.1018,3.2395,0.5,2.7906,5.7241
2017/10/1,23036.24,0.09,1.2366,-0.3692,0.1049,1.96,1.29,2.269,5.4106,0.1,1.8798,-0.4702
2017/11/1,23557.93,0.08,0.2571,-0.0592,-0.2443,1.92,1.12,2.9111,11.0264,0.5,3.6484,3.2467
2017/12/1,24545.38,0.09,0.2346,-0.1423,0.0218,1.82,1.08,2.4402,2.3618,0.8,1.6102,2.148
2018/1/1,25804.02,0.12,-0.0019,0.4907,-0.0309,1.68,1.17,2.6655,9.5422,-0.1,4.4749,2.1192
2018/2/1,24981.55,0.11,0.2428,0.1447,0.2552,1.65,1.29,3.2938,-4.045,0,-3.74,-4.8312
2018/3/1,24582.17,0.11,0.4535,-0.0556,-0.0263,1.8,1.14,3.1259,1.0986,0.3,-1.4306,0.4182
2018/4/1,24304.21,0.14,1.1295,0.2041,-0.0888,1.8,1.11,3.2585,6.3496,0.1,-0.5555,0.8306
2018/5/1,24572.53,0.14,-0.9469,0.1464,0.0761,1.85,1.12,2.2252,6.6796,0.3,2.1224,4.7404
2018/6/1,24790.11,0.14,0.8216,-0.1247,0.0151,1.92,1.01,2.8382,-4.9674,0.1,0.4124,1.2806
2018/7/1,24978.23,0.16,0.1263,-0.1734,-0.1037,1.9,0.93,3.2145,7.9022,0.2,3.1153,0.9973
2018/8/1,25629.99,0.16,0.6773,-0.0574,-0.0671,1.88,0.86,4.3467,-7.4787,0.2,0.9463,2.2957
2018/9/1,26232.67,0.15,0.0435,-0.0123,0.0155,1.88,0.87,4.2739,3.0692,-0.2,-0.0459,-0.5373
2018/10/1,25609.34,0.19,-0.1674,0.0257,0.0224,1.92,0.9,2.87,4.4585,0.3,-7.8539,-9.3012
2018/11/1,25258.68,0.18,0.0797,-0.5108,0.0244,2.1,0.79,2.6926,-25.982,0.5,2.0343,-0.8306
2018/12/1,23805.55,0.2,0.0312,-0.2732,-0.222,2.3,0.46,2.4893,-14.1002,-0.9,-9.8308,-12.4088
2019/1/1,24157.8,0.21,-0.6608,0.2461,-0.0089,2.41,0.34,1.8303,3.4511,0.3,9.5849,13.1049
2019/2/1,25605.53,0.18,-0.5187,0.2704,0.207,2.27,0.29,1.0689,6.2328,0,3.9698,4.1947
2019/3/1,25722.62,0.19,0.0107,0.3085,0.1026,2.27,0.17,0.6261,5.3648,0.7,0.1765,-2.2022
2019/4/1,26401.58,0.21,-0.5473,0.2037,0.0704,2.17,0.15,-1.0507,10.6178,0,3.4524,2.83
2019/5/1,25744.79,0.21,0.1395,-0.1101,-0.0017,2.23,0.05,0.0357,-3.279,0.4,-7.0292,-8.2712
2019/6/1,26160.1,0.18,0.1219,-0.1772,-0.1255,2.39,-0.1,-0.664,-10.8615,0.3,8.1657,6.1629
2019/7/1,27089.19,0.19,-0.5249,0.0523,-0.0826,2.22,-0.04,-1.3152,5.6398,0.5,0.4431,-0.8804
2019/8/1,26058.23,0.16,0.7576,-0.1783,0.0587,2.24,-0.32,-1.2349,-3.3838,0.4,-3.0755,-5.2171
2019/9/1,26900.21,0.18,-0.3131,-0.0202,-0.0748,2.21,-0.19,-1.5915,-0.4471,0.2,1.7871,2.8831
2019/10/1,26736.8,0.16,-0.855,0.0992,0.0306,2.21,0.06,-2.2791,-6.6846,0,1.308,-0.0967
2019/11/1,27797.05,0.12,0.5513,-0.2451,0.0624,2.13,0.27,-1.8076,6.4923,0.5,3.0457,2.5935
2019/12/1,28167.01,0.14,-0.2031,-0.1623,-0.1202,2.02,0.32,-2.0419,4.3308,0.2,3.0712,3.9851
2020/1/1,28879.99,0.13,-0.5951,0.3388,-0.023,2.01,0.24,-1.9763,-2.5507,0.4,-1.8171,-2.4308
2020/2/1,28519.73,0.12,0.3296,0.0254,0.1999,2.11,-0.02,-1.128,-15.4361,-0.2,-8.6094,-8.5263
2020/3/1,22637.42,0.13,-4.0811,-0.4247,-0.0415,3.42,0.58,-5.2197,-41.507,-6.6,-17.4539,-23.2422
2020/4/1,23293.9,0,-14.2045,-0.6683,-0.2095,3.47,0.52,-18.877,-66.8944,-11,13.3845,18.4308
2020/5/1,24271.02,0.01,1.5579,0.2129,-0.2083,3.28,0.54,-17.4586,30.6525,8.2,5.6037,6.9473
2020/6/1,26062.27,0.01,6.3771,0.4898,0.2668,2.91,0.57,-11.2033,41.1315,5.6,1.9478,7.1339
2020/7/1,26385.83,0.01,3.5672,0.2156,0.2331,2.69,0.49,-7.1113,5.8689,1.5,6.0145,6.1218
2020/8/1,27821.37,0.01,0.9697,0.0295,-0.0036,2.62,0.55,-6.8992,4.3059,0.7,6.5276,5.2037
2020/9/1,27733.4,0.01,-0.0396,-0.076,-0.0702,2.68,0.57,-6.6257,-3.212,1.4,-1.7335,-2.4051
2020/10/1,28005.11,0.01,0.6592,-0.103,-0.0706,2.65,0.69,-5.1115,1.6675,0.3,-0.8545,1.1837
2020/11/1,29124.04,0.01,0.4417,-0.1631,-0.0425,2.43,0.78,-5.2211,3.8173,-0.3,14.3502,20.6012
2020/12/1,30148.58,0.01,1.2821,0.0398,-0.0477,2.23,0.84,-3.7359,13.7969,0.4,5.9239,9.7306
2021/1/1,30821.35,0.01,0.6188,0.309,0.0611,2.16,1,-2.5219,12.0498,1.3,-0.3073,10.1173
2021/2/1,31283.91,0,-3.4033,0.2883,0.1422,2.16,1.22,-6.2548,11.6577,-1,5.3696,10.0976
2021/3/1,32373.29,0,2.7732,0.3861,0.062,2.13,1.58,0.5995,8.4488,4.3,4.8424,3.4604
2021/4/1,33803.29,0,0.1413,0.4169,0.0819,1.96,1.62,14.9453,-2.0915,0.7,4.0871,2.1633
2021/5/1,34270.31,0,0.8657,0.3312,0.0657,2,1.6,14.2531,6.6574,-0.3,2.3582,3.7559
2021/6/1,34289.91,0,0.4643,0.4467,0.0107,1.92,1.48,8.3403,9.1708,0.9,0.1794,1.4598
2021/7/1,34798.8,0,0.4191,-0.0706,0.0725,1.92,1.27,5.1922,3.1678,-0.2,1.182,-2.5682
2021/8/1,35243.97,0,-0.0256,-0.1719,-0.1723,1.96,1.23,4.197,-7.5065,0.6,2.1763,1.1569
2021/9/1,34688.42,0,-1.0508,0.006,-0.113,1.86,1.33,3.1858,4.402,0.2,-4.1171,-3.2255
2021/10/1,35055.52,0,1.3632,0.5371,0.0251,1.77,1.53,3.8898,12.9327,0.7,5.4565,2.9341
2021/11/1,35848.57,0,0.9068,-0.0405,0.2403,1.72,1.51,4.3549,0.968,0.2,-3.0198,-4.81
2021/12/1,35641.33,0.01,-0.0727,-0.094,-0.1299,1.83,1.41,3.0001,-12.3798,-0.3,5.5341,1.8845
2022/1/1,35456.15,0,0.0196,0.5117,-0.0745,1.82,1.61,2.4009,14.0156,0.2,-6.022,-7.3045
2022/2/1,34648.48,0,0.6217,0.3536,0.2295,2.04,1.6,6.4258,11.6873,0.1,0.9922,1.5984
2022/3/1,34029.74,0.01,0.8091,0.724,0.0466,2.16,1.69,4.4617,10.0751,0.5,3.308,3.4341
2022/4/1,34314.99,0.01,0.223,-0.2435,0.1979,1.91,1.99,4.5435,0.5628,0.4,-6.6476,-8.4502
2022/5/1,32379.46,0.03,0.0617,0.601,-0.3049,2.22,1.92,3.7394,2.0738,-0.2,-0.3439,-1.0712
2022/6/1,31446.71,0.06,-0.1395,0.6314,0.2376,2.13,1.65,3.1356,11.9221,0.1,-9.0353,-9.1122
2022/7/1,31535.32,0.08,0.2216,-0.8811,0.1363,2.31,0.67,2.9381,-16.9179,0,9.0486,8.6341
2022/8/1,33009.56,0.19,0.1162,-0.335,-0.5697,2.25,0.27,3.0799,-6.1734,0.6,-3.211,-1.3043
2022/9/1,30649.56,0.19,0.3506,-0.0574,-0.0272,2.17,0.39,4.4812,-6.7272,0.2,-9.3959,-12.6584
2022/10/1,30570.68,0.23,-0.0854,0.0406,0.0918,2.28,0.26,3.0326,2.3193,0.2,9.8145,8.7904
2022/11/1,33417.96,0.29,-0.3277,-0.5395,0.0743,2.18,-0.26,1.7981,-2.4736,-0.3,6.092,2.3965
2022/12/1,33482.26,0.33,-1.2484,-0.5247,-0.2212,1.97,-0.63,0.6224,-14.1039,0.1,-5.278,-6.5661
2023/1/1,33656,0.35,0.9004,0.686,-0.1069,1.97,-1.01,1.5032,-1.1822,1.4,8.0692,14.699
2023/2/1,33648.26,0.34,0.0513,-0.0098,0.4561,1.84,-0.9,0.9328,3.2556,0,-2.4335,-3.1439
2023/3/1,32483.48,0.36,0.0136,-0.1447,-0.0912,2.05,-1.03,0.1373,-7.3927,-0.2,0.3422,-4.811
2023/4/1,33731.28,0.35,0.3978,0.123,-0.0935,2.07,-1.46,0.3121,10.5995,0.3,0.2212,-2.6643
2023/5/1,33316.8,0.36,-0.2359,-0.2031,0.0729,2.2,-1.57,0.0146,-10.3239,0.1,-3.8637,-2.3753
2023/6/1,33904.98,0.4,-0.5843,-0.0252,-0.107,2,-1.41,-0.4303,-4.2649,0.1,9.519,7.7518
2023/7/1,34777.2,0.45,0.673,-0.1826,0.0256,1.84,-1.35,0.0211,8.1149,0.4,3.4706,5.1533
2023/8/1,34880.66,0.45,0.0222,0.1224,-0.0598,1.85,-1.13,-0.0729,7.7937,0,-2.4129,-5.7633
2023/9/1,34318.89,0.43,0.2064,-0.1648,0.0997,1.78,-0.94,-0.2171,9.7754,0.2,-4.8535,-5.8584
2023/10/1,33319.49,0.47,-0.7091,-0.3715,-0.08,1.83,-0.54,-0.8408,-3.4287,0.2,-4.2659,-6.9414
2023/11/1,34704.5,0.44,0.3005,-0.406,-0.1289,1.79,-0.77,-0.2126,-10.1296,0.4,8.6688,7.9529
2023/12/1,36947.93,0.43,-0.249,-0.2196,-0.0841,1.62,-1.22,0.7868,-11.1637,0.6,6.5439,8.7771
2024/1/1,37763.95,0.47,-1.1248,0.3962,0.0268,1.62,-1.16,-1.2384,4.3128,-0.3,-1.3435,-4.6784
2024/2/1,38720.52,0.42,1.2181,0.2047,0.2654,1.56,-1.03,-0.0716,5.2287,0.2,4.8104,4.0273
2024/3/1,39105.52,0.43,-0.2028,0.1925,0.0393,1.54,-1.03,-0.288,1.6806,0.4,4.5994,3.1347
2024/4/1,38401.22,0.47,-0.1579,-0.0842,0.021,1.46,-0.7,-0.8438,8.1469,0,-3.9206,-5.3012
2024/5/1,39129.39,0.44,0.6067,-0.2053,-0.1014,1.47,-0.77,-0.0012,-7.5896,0.5,3.6539,6.1241
2024/6/1,38903.73,0.41,0.2654,-0.2422,-0.0954,1.51,-0.93,0.8486,-0.2541,0.1,-1.3451,-3.8347
2024/7/1,40086.03,0.45,-0.7136,-0.0965,-0.0633,1.59,-0.95,-0.538,3.5363,0.4,5.7349,6.2259
2024/8/1,40310.81,0.48,0.4869,-0.1573,0.026,1.73,-1.18,-0.0733,-4.7916,0.1,1.512,-2.5055
2024/9/1,41490.88,0.4,-0.4205,-0.0566,-0.0217,1.7,-1,-0.7002,-14.0053,0.5,2.5222,1.9351
2024/10/1,42494.2,0.39,-0.4547,-0.1289,0.0269,1.53,-0.41,-0.4457,5.2591,0.2,-1.9392,-1.5084
2024/11/1,43716.93,0.4,-0.1453,-0.2739,-0.0241,1.42,-0.06,-0.8915,-3.2525,0.4,7.4582,10.4586
2024/12/1,43655.57,0.37,0.9853,-0.1053,-0.079,1.41,0.12,0.3428,0.1169,0.5,-6.6731,-2.9286
